지역,가맹점명,분류,주소,전화번호
전북 ,헐리우드민박(팬션),숙박,전북 부안군 변산면 도청리162-1 ,063-583-7088
대구 ,(주)삼성여행사,여행사,대구광역시 중구  국채보상로 515 ,053-431-3000
서울 ,정보화마을 농촌체험,관광지,서울특별시 강남구  테헤란로25길 50 304호,1833-2990
서울 ,(주)하나투어,여행사,서울특별시 종로구  인사동5길 41 하나빌딩 ,1577-1233
서울 ,하나프리티켓,공연,서울특별시 종로구  인사동5길 41 하나빌딩 ,1566-6668
경기 ,티켓링크 공연,공연,경기도 성남시 분당구  대왕판교로645번길 16 NHN 플레이뮤지엄,1588-7890
서울 ,NH여행,여행사,서울특별시 서대문구  통일로 81 임광빌딩 ,1899-0582
서울 ,(주)롯데월드 아쿠아리움,관광지,서울특별시 송파구  올림픽로 300 ,1661-2000
서울 ,주식회사 호미화방,미술,서울특별시 마포구  홍익로3길 20 서교오피스텔 ,02-336-8181
서울 ,(주)피엠씨프러덕션 난타,공연,서울특별시 종로구  대학로 57 홍익대학교대학로캠퍼스 11층,02-739-8288
인천 ,부평구문화재단,공연,인천광역시 부평구  아트센터로 166 부평아트센터 ,032-500-2000
제주 ,제주특별자치도문화예술진흥원,공연,제주특별자치도 제주시  동광로 69 제주도문예회관 ,064-710-7641
서울 ,노원문화예술회관,공연,서울특별시 노원구  중계로 181 노원문화예술회관 ,02-2289-3400
경기 ,㈜창비(계간 창작과비평),도서,경기도 파주시  회동길 184 창비 ,031-955-3333
경기 ,㈜창비(문학3),도서,경기도 파주시  회동길 184 창비 ,031-955-3333
서울 ,(주)신시컴퍼니,공연,서울특별시 서초구  논현로5길 31-14 예일빌딩 ,02-577-1987
서울 ,재단법인 세종문화회관,공연,서울특별시 종로구  세종대로 175 ,02-399-1000
서울 ,(재)마포문화재단,공연,서울특별시 마포구  대흥로20길 28 마포아트센터 ,02-3274-8500
서울 ,아르코예술극장,공연,서울특별시 종로구  대학로8길 7 한국문예회관 ,02-3668-0007
경기 ,㈜창비,도서,경기도 파주시  회동길 184 창비 ,031-955-3333
부산 ,금정문화회관,공연,부산광역시 금정구  체육공원로 7 금정문화회관 ,051-519-5651
서울 ,정태영삼(㈜스마트인피니),여행사,서울특별시 강남구  압구정로42길 27 한국종합기술개발공사 3층,1661-9339
경남 ,롯데시네마 진주엠비씨네(온라인),영상,경남 진주시 가호로 13(가좌동) ,1544-8855
부산 ,초록배낭,여행사,"부산 연제구 월드컵대로 217, 2층 ",051-701-5006
서울 ,롯데컬처웍스㈜롯데시네마 건대입구(온라인),영상,서울특별시 광진구 아차산로 272 ,1544-8855
경북 ,롯데컬처웍스㈜롯데시네마 경산(온라인),영상,경상북도 경산시 강변동로 278 ,1544-8855
경기 ,롯데컬처웍스㈜롯데시네마 광교아울렛(온라인),영상,"경기도 수원시 영통구 도청로17번길 10수원시 영통로 도청로10, 롯데시네마광교아울렛 ",1544-8855
경기 ,롯데컬처웍스㈜롯데시네마 광명(광명사거리)(온라인),영상,경기도 광명시  오리로 970 크로앙스 ,1544-8855
경기 ,롯데컬처웍스㈜롯데시네마 광명아울렛(온라인),영상,경기도 광명시 일직로 17 ,1544-8855
부산 ,롯데컬처웍스㈜롯데시네마 광복(온라인),영상,부산광역시 중구 중앙대로 2시네마동 9층 ,1544-8855
경기 ,롯데컬처웍스㈜롯데시네마 광주터미널(온라인),영상,경기도 광주시 광주대로 30광주터미널 2층 ,1544-8855
경기 ,롯데컬처웍스㈜롯데시네마 구리아울렛(온라인),영상,"경기 구리시 인창동413-6419-7, 433-16, 133-18, 433-19 (6층일부,7층~8층)",1544-8855
경북 ,롯데컬처웍스㈜롯데시네마 구미공단(온라인),영상,"경상북도 구미시 산호대로 233공단동, 4층 일부, 5층~7층 전체 ",1544-8855
전북 ,롯데컬처웍스㈜롯데시네마 군산나운(온라인),영상,전라북도 군산시 백토로 198 ,1544-8855
전북 ,롯데컬처웍스㈜롯데시네마 군산몰(온라인),영상,전라북도 군산시 조촌로 130 ,1544-8855
서울 ,롯데컬처웍스㈜롯데시네마 김포공항(온라인),영상,서울특별시 강서구  하늘길 38 ,1544-8855
경남 ,롯데컬처웍스㈜롯데시네마 김해부원(온라인),영상,경상남도 김해시 김해대로 2352 ,1544-8855
경남 ,롯데컬처웍스㈜롯데시네마 김해아울렛(온라인),영상,경남 김해시 장유면 신문리75-5 ,1544-8855
서울 ,롯데컬처웍스㈜롯데시네마 노원(온라인),영상,"서울 노원구 동일로 1414 (상계동, 롯데백화점노원점) 10층 ",1544-8855
대구 ,롯데컬처웍스㈜롯데시네마 대구광장(온라인),영상,대구광역시 서구 달구벌대로 1691M프라자 4층 ,1544-8855
대전 ,롯데컬처웍스㈜롯데시네마 대전둔산(온라인),영상,대전광역시 서구 대덕대로 325제10층제1호및제12층제1호 ,1544-8855
서울 ,롯데컬처웍스㈜롯데시네마 독산(온라인),영상,서울특별시 금천구 시흥대로 399 ,1544-8855
부산 ,롯데컬처웍스㈜롯데시네마 동래(온라인),영상,부산광역시 동래구 중앙대로 1393 ,1544-8855
부산 ,롯데컬처웍스㈜롯데시네마 동부산아울렛(온라인),영상,부산광역시 기장군 기장읍 기장해안로 147 3층,1544-8855
대구 ,롯데컬처웍스㈜롯데시네마 동성로(온라인),영상,대구광역시 중구 동성로2길 95 ,1544-8855
강원 ,롯데컬처웍스㈜롯데시네마 동해(온라인),영상,강원도 동해시 한섬로 111-75층 501호 ,1544-8855
경기 ,롯데컬처웍스㈜롯데시네마 마석(온라인),영상,경기도 남양주시 화도읍 경춘로 1992롯데마트 마석점 ,1544-8855
경기 ,롯데컬처웍스㈜롯데시네마 병점(온라인),영상,경기도 화성시 병점1로 218 ,1544-8855
부산 ,롯데컬처웍스㈜롯데시네마 부산본점(온라인),영상,부산광역시 부산진구 가야대로 772 ,1544-8855
경기 ,롯데컬처웍스㈜롯데시네마 부천(신중동역)(온라인),영상,경기도 부천시  길주로 280 프리머스 부천타워 ,1544-8855
인천 ,롯데컬처웍스㈜롯데시네마 부평(온라인),영상,"인천 부평구 대정로 66 (부평동, 다운타운일레븐) ",1544-8855
인천 ,롯데컬처웍스㈜롯데시네마 부평역사(온라인),영상,인천 부평구 부평동738-21번지 부평역사 7층 ,1544-8855
부산 ,롯데컬처웍스㈜롯데시네마 사상(온라인),영상,부산광역시 사상구 사상로 201부산서부버스터미널 3~5층 ,1544-8855
경기 ,롯데컬처웍스㈜롯데시네마 산본피트인(온라인),영상,"경기도 군포시 번영로 4859,10층 ",1544-8855
대구 ,롯데컬처웍스㈜롯데시네마 상인(온라인),영상,대구 달서구 상인동241 ,1544-8855
충북 ,롯데컬처웍스㈜롯데시네마 서청주(온라인),영상,충북 청주시 흥덕구 비하동332-1 ,1544-8855
대구 ,롯데컬처웍스㈜롯데시네마 성서(온라인),영상,대구 달서구 이곡1동1244-1 ,1544-8855
부산 ,롯데컬처웍스㈜롯데시네마 센텀시티(온라인),영상,부산 해운대구 우동센텀시티 1496번지 롯데백화점 8층 ,1544-8855
경기 ,롯데컬처웍스㈜롯데시네마 센트럴락(온라인),영상,경기도 안산시 단원구 고잔동 고잔로 108 7~10층 ,1544-8855
경기 ,롯데컬처웍스㈜롯데시네마 송탄(온라인),영상,경기도 평택시 관광특구로 198층 ,1544-8855
광주 ,롯데컬처웍스㈜롯데시네마 수완(아울렛)(온라인),영상,광주광역시 광산구  장신로 98 롯데마트 ,1544-8855
경기 ,롯데컬처웍스㈜롯데시네마 수원(수원역)(온라인),영상,경기도 수원시 권선구  세화로 118 롯데몰5층 (서둔동),1544-8855
서울 ,롯데컬처웍스㈜롯데시네마 수유(온라인),영상,서울특별시 강북구 도봉로 30810-14층 ,1544-8855
서울 ,롯데컬처웍스㈜롯데시네마 신도림(온라인),영상,"서울특별시 구로구 경인로 662제타워동 7,8층 ",1544-8855
서울 ,롯데컬처웍스㈜롯데시네마 신림(온라인),영상,서울 관악구 신림동1641-2 포도몰 10층-15층 ,1544-8855
충남 ,롯데컬처웍스㈜롯데시네마 아산터미널(온라인),영상,충청남도 아산시 번영로 224아산터미널영화관 9~10층 ,1544-8855
경기 ,롯데컬처웍스㈜롯데시네마 안산(온라인),영상,"경기 안산시 상록구 충장로 427 (성포동, 롯데마트) 4층 ",1544-8855
경기 ,롯데컬처웍스㈜롯데시네마 안산고잔(온라인),영상,경기도 안산시 단원구 광덕대로 141 ,1544-8855
경기 ,롯데컬처웍스㈜롯데시네마 안성(온라인),영상,경기 안성시 공도읍롯데마트 안성점 1층 ,1544-8855
서울 ,㈜파랑새투어,여행사,서울특별시 중구  무교로 32 효령빌딩 ,02-755-8555
경기 ,롯데컬처웍스㈜롯데시네마 안양(온라인),영상,경기도 안양시 만안구 만안로 224 ,1544-8855
경기 ,롯데컬처웍스㈜롯데시네마 안양일번가(온라인),영상,경기도 안양시 만안구 안양로 3119-13층 ,1544-8855
서울 ,롯데컬처웍스㈜롯데시네마 에비뉴엘(온라인),영상,"서울 중구 소공동에비뉴엘 6층, 7층 ",1544-8855
서울 ,롯데컬처웍스㈜롯데시네마 영등포(온라인),영상,"서울 영등포구 경인로 102길 13 (영등포동, 시네마동) 7층 ",1544-8855
부산 ,롯데컬처웍스㈜롯데시네마 오투(부산대)(온라인),영상,부산광역시 금정구 중앙대로 1607 ,1544-8855
서울 ,롯데컬처웍스㈜롯데시네마 용산(온라인),영상,서울특별시 용산구 청파로 744~5층 ,1544-8855
울산 ,롯데컬처웍스㈜롯데시네마 울산(온라인),영상,울산 남구 삼산동1480-1 ,1544-8855
울산 ,롯데컬처웍스㈜롯데시네마 울산성남(온라인),영상,울산광역시 중구 젊음의2거리 33 ,1544-8855
서울 ,롯데컬처웍스㈜롯데시네마 월드타워(온라인),영상,서울특별시 송파구 올림픽로 300엔터동롯데시네마 5~11층 ,1544-8855
대구 ,롯데컬처웍스㈜롯데시네마 대구율하(온라인),영상,대구광역시 동구  안심로 80 롯데쇼핑프라자 ,1544-8855
경기 ,롯데컬처웍스㈜롯데시네마 의정부민락(온라인),영상,경기 의정부시 민락동민락2지구 206-2 해동타워8층 ,1544-8855
인천 ,롯데컬처웍스㈜롯데시네마 인천아시아드(온라인),영상,인천광역시 서구 봉수대로 806 ,1544-8855
전북 ,롯데컬처웍스㈜롯데시네마 전주(온라인),영상,전북 전주시 완산구 온고을로 2 (서신동) 7층 ,1544-8855
전북 ,롯데컬처웍스㈜롯데시네마 전주평화(온라인),영상,전라북도 전주시 완산구 백제대로 10 ,1544-8855
경기 ,롯데컬처웍스㈜롯데시네마 진접(온라인),영상,경기도 남양주시 진접읍 해밀예당1로 36 ,1544-8855
경남 ,롯데컬처웍스㈜롯데시네마 진주혁신(온라인),영상,경남 진주시 충무공동35 5~6층(진주롯데몰) ,1544-8855
경남 ,롯데컬처웍스㈜롯데시네마 진해(온라인),영상,경상남도 창원시 진해구 진해대로 752 ,1544-8855
경남 ,롯데컬처웍스㈜롯데시네마 창원(온라인),영상,경남 창원시 성산구 상남동 롯데백화점3층 ,1544-8855
서울 ,롯데컬처웍스㈜롯데시네마 청량리(온라인),영상,서울 동대문구 전농동591-53 ,1544-8855
충북 ,롯데컬처웍스㈜롯데시네마 청주용암(온라인),영상,충청북도 청주시 상당구 1순환로 12331~4층(용암동) ,1544-8855
경기 ,롯데컬처웍스㈜롯데시네마 파주아울렛(온라인),영상,경기 파주시 문발동104-1 ,1544-8855
경기 ,롯데컬처웍스㈜롯데시네마 파주운정(온라인),영상,"경기 파주시 목동동927 3층,4층 ",1544-8855
서울 ,롯데컬처웍스㈜롯데시네마 합정(온라인),영상,서울 마포구 합정동메세나폴리스 2층 ,1544-8855
경기 ,롯데컬처웍스㈜롯데시네마 향남(온라인),영상,경기도 화성시 향남읍 상신하길로298번길 7-21 ,1544-8855
서울 ,롯데컬처웍스㈜롯데시네마 홍대입구(온라인),영상,서울특별시 마포구 양화로 176 ,1544-8855
대전 ,롯데컬처웍스㈜롯데시네마 대전센트럴(온라인),영상,대전광역시 서구  대덕대로 216 둔산동 ,1544-8855
경기 ,롯데컬처웍스㈜롯데시네마 용인기흥(온라인),영상,경기도 용인시 기흥구 중부대로 494 ,1544-8855
경기 ,롯데컬처웍스㈜롯데시네마 성남중앙(신흥역)(온라인),영상,경기도 성남시 수정구  산성대로 267 ,1544-8855
경기 ,롯데컬처웍스㈜롯데시네마 용인역북(온라인),영상,경기도 용인시 처인구 역북동  510-3 ,1544-8855
경남 ,롯데시네마 마산(합성동)(온라인),영상,경상남도 창원시 마산회원구  3·15대로 750 마산시외버스터미널 ,1544-8855
울산 ,울주문화예술회관,공연,울산 울주군 범서읍 천상중앙길 36 ,052-229-9500
울산 ,중구문화의전당,공연,울산 중구 종가로 405 ,052-290-4000
충남 ,홍주문화회관,공연,충남 홍성군 홍성읍 내포로 164  ,041-634-0021
경북 ,문경문화예술회관,공연,경상북도 문경시  신흥로 85 문경시민문화회관 ,054-550-8949
대전 ,숲나들e 자연휴양림(국립자연휴양림관리소),관광지,대전광역시 서구  복수북로 21 국립자연휴양림관리소 ,1588-3250
울산 ,영남알프스 복합웰컴센터 알프스시네마(울주군청),영상,울산광역시 울주군 상북면 알프스온천5길 103-8 ,052-254-0267
서울 ,홍익여행㈜,여행사,서울특별시 중구  통일로 26 한일빌딩 12층,02-717-1002
서울 ,대한극장,영상,서울특별시 중구  퇴계로 212 대한극장 ,02-3393-3500
경기 ,벅스,음악,경기도 성남시 분당구  대왕판교로645번길 16 NHN ,1566-4882
서울 ,펜션라이프,숙박,서울특별시 강남구  논현로75길 8 비드 빌딩 ,1544-7317
경기 ,4레인(SA LANE),체육용품,경기도 부천시  송내대로 14 송내파인푸르지오 2단지 1층상가,032-666-4441
울산 ,북구문화예술회관,공연,울산광역시 북구  산업로 1010 북구청 ,052-241-7350
서울 ,대한항공,교통수단,서울특별시 강서구  하늘길 260 대한항공 ,02-2656-7114
제주 ,북파니(온라인),도서,"제주 제주시 중앙로 335, 비1층(오프라인) ",064-751-1020
경남 ,비토 국민여가 캠핑장(사천시시설관리공단),관광지,경상남도 사천시 서포면 용궁로 132 관리사무소 ,070-8988-4000
서울 ,CGV,영상,서울특별시 용산구  한강대로23길 55 용산민자역사 아이파크몰 6층,1544-1122
광주 ,국립아시아문화전당,공연,광주광역시 동구  문화전당로 38 아시아문화전당 ,1899-5566
경기 ,티켓링크 전시,미술,경기도 성남시 분당구  대왕판교로645번길 16 NHN ,1588-7890
서울 ,교보문고,도서,서울특별시 종로구  종로 1 교보생명빌딩 ,1544-1900
서울 ,(주)여행박사,여행사,서울특별시 용산구  한강대로 313 ,02-6717-2700
충남 ,당진교육문화스포츠센터,체육시설,충남 당진시 당진중앙2로 132-30 ,041-360-6901
대전 ,코레일관광공사(한국철도공사),교통수단,대전광역시 동구  중앙로 240 한국철도공사 ,1544-7788
경남 ,시민스포츠센터((재)김해문화재단),체육시설,경상남도 김해시  김해대로 2060 김해문화의전당 ,055-333-0222
제주 ,서귀포시 E-Ticket,공연,제주 서귀포시 중앙로 105(서흥동) ,064-760-3373
서울 ,티머니(고속버스),교통수단,서울특별시 서초구  신반포로 194 강남고속버스터미널 ,1644-9030
서울 ,노랑풍선,여행사,"서울특별시 중구 수표로 31, 노랑풍선빌딩 ",1588-4954
경기 ,롯데컬처웍스㈜롯데시네마 서수원(온라인),영상,경기도 수원시 권선구 금곡동 1114-1 ,1544-8855
서울 ,예림당,도서,서울특별시 성동구  아차산로 153 예림출판문화센터 ,02-566-1004
경기 ,㈜유니위즈(캠프링크),관광지,경기도 안산시 단원구  고잔로 54 에이스타워 ,1688-4722
경기 ,로데브㈜(공연티켓정산대행),공연,"경기 안양시 동안구 시민대로 327번길 11-41, 610호 ",070-5101-4010
경기 ,오산시티투어(오산시청),관광지,경기도 오산시  성호대로 141 오산시청 ,031-8036-7973
서울 ,도서출판 점자 (주식회사 도서출판점자),도서,"서울 성동구 아차산로17길 57, 1203호 (성수동2가, 일신건영휴먼테코) ",02-3426-7511
광주 ,더키이스케이프 방탈출카페,문화체험,광주광역시 북구  호동로63번길 74 2층,062-432-8001
경기 ,롯데컬처웍스㈜롯데시네마 위례(온라인),영상,경기 성남시 수정구 위례광장로 104(창곡동) ,1544-8855
경남 ,(재)김해문화재단 김해낙동강레일파크(온라인),관광지,경남 김해시 생림면 마사로 473번길 41 ,055-333-8359
경남 ,(재)김해문화재단 김해문화의전당(온라인),공연,경남 김해시 김해대로 2060 ,055-320-1234
대구 ,롯데시네마 대구현풍(온라인),영상,대구 달성군 현풍면 중리 490 ,1544-8855
인천 ,롯데컬처웍스㈜롯데시네마 인천터미널(온라인),영상,"인천 남구 연남로35, 지하1층(관교동) ",1544-8855
서울 ,롯데컬처웍스㈜롯데시네마 서울대입구(온라인),영상,서울특별시 관악구 남부순환로 182010~12층 ,1544-8855
부산 ,롯데컬처웍스㈜롯데시네마 대영(온라인),영상,부산광역시 중구 비프광장로 37 ,1544-8855
서울 ,서울레코드,음악,서울특별시 종로구  종로 154 서울레코드,02-2265-9298
인천 ,스쿨뮤직,음악,인천광역시 중구 관동3가  5-1 프린스빌딩 6층,1566-5150
경기 ,재단법인 광명문화재단(온라인),공연,경기도 광명시  시청로 20 광명시청 광명시시민회관내(철산동),02-2621-8845
서울 ,웨슬리퀘스트안양KGC 인삼공사 배구단 (KGC인삼공사 스포츠센터),스포츠관람,서울특별시 마포구  성암로 189 중소기업 DMC 타워 8층 웨슬리퀘스트,02-752-8041
서울 ,웨슬리퀘스트 수원 현대건설 힐스테이트(수원실내체육관),스포츠관람,서울특별시 마포구  성암로 189 중소기업 DMC 타워 8층 웨슬리퀘스트,02-752-8041
서울 ,작가의 탄생,도서,서울특별시 용산구  청파로47길 90 숙명여자대학교 숙명여대 창업보육센터 302호,02-1522-3864
서울 ,(주)로망스투어,여행사,서울특별시 구로구  경인로53가길 10 구로대명벨리온 1304호,02-318-1664
서울 ,하이뮤직,음악,서울특별시 양천구  오목로42길 5 1층 하이뮤직,02-1661-5689
서울 ,(재)서울문화재단 남산예술센터,공연,서울특별시 중구  소파로 138 남산예술센터,02-758-2150
서울 ,티머니(시외버스),교통수단,서울특별시 중구  후암로 110 서울시티타워빌딩 10층 ,1644-3070
경기 ,롯데컬처웍스㈜롯데시네마 수지(온라인),영상,경기도 용인시 수지구  성복2로 38 ,1544-8855
대구 ,두류수영장(대구시설공단),체육시설,대구광역시 달서구  공원순환로 237 두류수영장 ,053-623-2156
서울 ,쏙쏙체험(주식회사 쏙쏙),여행사,서울특별시 광진구  능동로 318 정우빌딩 301호,02-2633-7131
광주 ,승촌보 캠핑장(주식회사 유포러스),관광지,광주광역시 남구  승촌보길 90 승촌보 캠핑장,061-333-9638
서울 ,WATERGATE (워터게이트),체육용품,서울특별시 강남구  선릉로 524 선릉대림아크로텔 621호 ,070-4677-1102
대구 ,벧엘스포츠,체육용품,대구 북구  칠성남로 177 ,053-428-0861
서울 ,서울대운동용품,체육용품,서울특별시 관악구  관악로 1 서울대학교 71동 종합체육관 1층,02-880-5234
강원 ,롯데컬처웍스㈜롯데시네마 원주무실(온라인),영상,강원도 원주시  능라동길 51 씨네시티타워 9층,1544-8855
경기 ,코코몽에코파크 용인점(주식회사 팜트리),관광지,경기도 용인시 수지구  동천로 581 고기리참숯가마찜질방 코코몽에코파크 (고기동 272번지),1661-0568
서울 ,리디북스(리디 주식회사),도서,서울특별시 강남구  테헤란로 325 어반벤차빌딩 10층,1644-0331
서울 ,서울돈화문국악당((주)인사이트모션 서울돈화문국악당),공연,서울특별시 종로구  율곡로 102 ,02-3210-7001
서울 ,승우여행사,여행사,서울특별시 용산구  한강대로 162-2 202호,02-720-8311
서울 ,웨슬리퀘스트 서울 우리카드 위비(서울장충체육관),스포츠관람,서울특별시 마포구  성암로 189 중소기업 DMC 타워 8층웨슬리퀘스트,02-752-8041
서울 ,(주)모두투어네트워크,여행사,서울특별시 중구  을지로 16 프레지던트호텔 백남빌딩 5층,02-755-6776
서울 ,웨슬리퀘스트 성남 한국도로공사 하이패스 (성남실내체육관),스포츠관람,서울특별시 마포구  성암로 189 중소기업 DMC 타워 8층 웨슬리퀘스트,02-752-8041
서울 ,웨슬리퀘스트 인천 흥국생명핑크스파이더스(인천계양체육관),스포츠관람,서울특별시 마포구  성암로 189 중소기업 DMC 타워 8층 웨슬리퀘스트,02-752-8041
경기 ,우드세이악기(우드세이),음악,경기도 안양시 동안구  관악대로 267 304호,031-383-2452
서울 ,웨슬리퀘스트 수원 한국전력빅스톰(수원실내체육관),스포츠관람,서울특별시 마포구  성암로 189 중소기업 DMC 타워 8층 웨슬리퀘스트,02-752-8041
경기 ,크로바뮤직,음악,경기도 평택시  이충로 118 ,031-666-1252
서울 ,KCDF온라인숍 공예정원,미술,서울특별시 종로구  율곡로 53 해영회관 5층,1588-7915
서울 ,떠나요닷컴(숙박)(주식회사 떠나요),숙박,서울특별시 성동구  광나루로6길 54 2층,02-813-0960
서울 ,여기어때((주)여기어때컴퍼니),숙박,"서울 강남구 봉은사로 479, 11층(삼성동, 479타워) ",1544-4087
서울 ,웨이브(wavve)(콘텐츠웨이브주식회사),영상,"서울 마포구 상암산로 82, 14층 ",1599-3709
서울 ,아고다,숙박,"서울 중구 을지로 100, 9층(을지로2가, 파인에비뉴) ",02-6022-2443
서울 ,서울자전거 따릉이(서울시설공단),체육용품,서울 중구 세종대로 110 ,1599-0120
대전 ,롯데컬처웍스㈜롯데시네마 대전관저(온라인),영상,대전광역시 서구  봉우로8번길 23 ,1544-8855
서울 ,경은어쿠스틱(경은상사),음악,서울특별시 종로구  삼일대로 428 낙원상가 2층 B동 282호(낙원동),02-744-6433
서울 ,알라딘,도서,서울특별시 중구  서소문로 26 ,1544-2514
경기 ,롯데컬처웍스(주)롯데시네마 북수원(온라인),영상,경기도 수원시 장안구 천천동  516번지 3층,1544-8855
서울 ,문화N티켓(한국문화정보원),공연,서울특별시 마포구  월드컵북로 400 문화콘텐츠센터 6층,02-3153-2841
경북 ,칠곡보 오토캠핑장(주식회사 유포러스),관광지,경상북도 칠곡군 약목면 강변서로 110-43 칠곡보 캠핑장,054-974-7997
서울 ,SR(주식회사 에스알),교통수단,서울특별시 강남구  광평로 281 ,1800-1472
서울 ,찍스((주)디지털포토),미술,서울 서초구 반포대로20길 28(서초동) 찬우빌딩 2층 ,02-6710-2232
서울 ,두산아트센터(재단법인 두산연강재단),공연,서울특별시 종로구  종로33길 15 두산아트센터 ,02-708-5001
경기 ,도서출판 홀수,도서,경기도 성남시 분당구  느티로 16 젤존타워1 808-809호,1899-4761
서울 ,마이다노,체육시설,서울특별시 마포구  토정로 271 대현빌딩 ,070-7777-3036
서울 ,class101(주식회사클래스101),문화체험,서울특별시 중구  통일로 10 연세세브란스빌딩 18층,1800-2109
충북 ,청주 푸르미센터 수영장,체육시설,충북 청주시 흥덕구 가로수로 969-1 청주시시설관리공단(푸르미스포츠센터) ,043-270-8562
서울 ,야놀자,숙박,서울 강남구 테헤란로 108길 42 ,1644-1346
인천 ,여성문화회관 수영장,체육시설,인천 부평구 길주로 539 여성문화회관 ,032-511-3141
서울 ,YES24 티켓(예스24),공연,"서울시 영등포구 은행로 11, 5층~6층(여의도동,일신빌딩) ",1544-6399
서울 ,노원우주학교,관광지,서울특별시 노원구  동일로205길 13 서울영어과학교육센터 노원우주학교,02-971-6232
인천 ,인천서부여성회관,체육시설,인천 서구 서달로 12 ,032-458-7340
서울 ,올림픽기념국민생활관,체육시설,서울 종로구 성균관로 91 ,02-745-6701
서울 ,종로구민회관,체육시설,서울 종로구 지붕로5길 7-5 ,02-2148-4059
경기 ,카카오페이지,도서,"경기도 성남시 분당구  판교역로 221 (삼평동, 투썬월드빌딩 6층) ",1644-4755
서울 ,플레이티켓(플티 주식회사),공연,서울특별시 서대문구  증가로29길 36 한양아트빌 501호,02-322-3658
경북 ,롯데시네마 상주(온라인),영상,경상북도 상주시  중앙로 147 (서문동),1544-8855
서울 ,WATCHA(왓챠),영상,서울특별시 서초구  강남대로 343 신덕빌딩 신덕빌딩 3층,070-7554-9696
서울 ,종로문화체육센터(종로구시설관리공단),체육시설,서울 종로구 인왕산로1길 21 ,02-732-9393
경기 ,의왕레일바이크(경기의왕레일바이크 주식회사),관광지,경기도 의왕시  왕송못동로 209 의왕조류생태과학관 ,031-462-4001
충북 ,청주 롤러스케이트장,체육시설,충북 청주시 서원구 흥덕로 61 청주시시설관리공단(청주인라인롤러경기장) ,043-270-8541
대전 ,대전하나시티즌(재단법인 하나금융축구단),스포츠관람,대전광역시 유성구  월드컵대로 32 대전월드컵경기장,042-824-2002
경북 ,에코오브제,미술,경상북도 예천군 호명면 행복로 230 202동 12층 04호,1544-3174
경북 ,영양 작은영화관(재단법인 영양축제관광재단),영상,경상북도 영양군 영양읍 군민회관길 7 영양문화원 2층,054-683-7053
경기 ,TOPICABOOKS(주식회사 토피카),도서,경기도 성남시 중원구  양현로 411 시티오피스타워 711호,031-703-0919
서울 ,인터파크 도서,도서,서울특별시 강남구  삼성로 512 삼성동빌딩 10층,1577-2555
서울 ,삼성썬더스 SHOP(㈜조이포스플러스),체육용품,서울 중구 퇴계로36가길 90 ,02-356-0273
서울 ,창원LG SHOP(㈜조이포스플러스),체육용품,서울 중구 퇴계로36가길 90 ,02-356-0273
서울 ,YES24 도서(예스24),도서,서울특별시 영등포구  은행로 11 일신빌딩 5층~6층,1544-3800
서울 ,YES24 음반(예스24),음악,서울특별시 영등포구  은행로 11 일신빌딩 5층~6층,1544-3800
서울 ,포토몬(메이비원㈜),미술,서울 강서구 마곡중앙8로1길6 ,070-7167-5200
서울 ,페이지터너(주식회사 페이지터너),공연,서울특별시 마포구  양화로15안길 6 ,02-337-9966
경기 ,안성명품,미술,경기도 안성시  남파로 81 3층,031-671-1789
경기 ,성서원몰(유한회사 성서원),도서,경기도 고양시 덕양구  덕은로 60-12 ,02-765-0012
서울 ,한국방송통신대학교출판문화원,도서,서울특별시 종로구  이화장길 54 이화빌딩 ,02-3668-4761
전북 ,전남드래곤즈풋볼클럽(에스아이엘(SiL)),체육용품,전라북도 전주시 덕진구  기린대로 1055 월드컵경기장 ,063-211-0402
경기 ,MUSICPLANT(뮤직플랜트),음악,경기도 남양주시 화도읍 재재기로105번길 20-30 2층 28호,070-4784-0505
부산 ,부산여행특공대(주식회사 부산여행특공대),여행사,부산광역시 동구  중앙대로180번길 9 성신빌딩 202호 (초량동),051-469-4113
경남 ,경남 산청 지리산대포곶감마을,관광지,경남 산청군 삼장면 덕산대포로245번길 48 ,055-972-1022
강원 ,강원 삼척 덕풍계곡마을,관광지,강원 삼척시 가곡면 풍곡안길 17-18 ,033-576-0394
강원 ,강원 삼척 너와마을,관광지,강원 삼척시 도계읍 문의재로 1113 ,033-552-1659
강원 ,강원 춘천 박사마을,관광지,강원 춘천시 서면 당산1길 7 ,033-250-4110
충북 ,충북 보은 속리산관광마을,관광지,충북 보은군 속리산면 법주사로 258-14 ,043-544-5299
전남 ,전남 완도 금당도갯벌섬마을,관광지,전남 완도군 금당면 금당해변로 133 ,061-843-4077
경남 ,경남 하동 악양대봉감마을,관광지,경남 하동군 악양면 대축길 26 악양대봉감 정보화마을 ,055-880-6109
제주 ,제주 제주 저지예술마을,관광지,제주 제주시 한경면 중산간서로 3675 저지예술정보화마을 ,070-7098-4111
강원 ,강원 횡성 덕고마을,관광지,강원 횡성군 횡성읍 덕고로 410 ,033-343-8585
충북 ,충북 제천 월악산약초마을,관광지,충북 제천시 덕산면 약초로 82 ,043-641-4853
경남 ,경남 밀양 평리산대추마을,관광지,경남 밀양시 단장면 고례4길 7-3 ,055-353-5244
부산 ,부산 금정 금정산성마을,관광지,부산 금정구 땅곡길 2 ,051-518-0014
강원 ,강원 화천 파로호생태마을,관광지,강원 화천군 간동면 파로호로 758-54 ,033-442-0524
전남 ,전남 나주 송촌한라봉마을,관광지,전남 나주시 송현길 69 송촌한라봉 정보화마을 ,061-333-0126
부산 ,부산 연제 토곡빌,관광지,부산 연제구 고분로 200 연산엘지아파트 관리사무소내 3층 ,051-665-4993
경남 ,경남 남해 지족갯마을,관광지,경남 남해군 삼동면 삼이로24번길 39 지족갯마을마을정보센터 ,055-867-1277
전북 ,전북 임실 치즈마을,관광지,전북 임실군 임실읍 치즈마을1길 4 치즈마을 사무실 ,063-643-3700
강원 ,강원 강릉 대기리마을,관광지,강원 강릉시 왕산면 용수길 11 ,033-647-2540
경남 ,경남 거창 가남마을,관광지,경남 거창군 가조면 지산로 1242 ,055-940-3840
경기 ,경기 양주 천생연분마을,관광지,경기 양주시 장흥면 일영로502번길 105 마을정보센터 ,031-855-6223
강원 ,강원 양양 송천떡마을,관광지,강원 양양군 서면 떡마을길 107 ,033-673-7020
전남 ,전남 순천 낙안배이곡마을,관광지,전남 순천시 낙안면 이곡1길 49 ,061-751-8989
강원 ,강원 강릉 해살이마을,관광지,강원 강릉시 사천면 중앙서로 557-1 ,033-648-8123
강원 ,강원 춘천 섬배마을,관광지,강원 춘천시 남산면  섬배안길 65 ,033-250-4460
경북 ,경북 상주 모동반계포도마을,관광지,경북 상주시 모동면 반계2길 13-1 ,054-533-7068
강원 ,강원 삼척 산양마을,관광지,강원 삼척시 원덕읍 산양서원1길 89 ,033-572-8658
강원 ,강원 평창 계촌마을,관광지,강원 평창군 방림면 계촌길 101 ,070-7781-4847
전남 ,전남 고흥 명천바다목장마을,관광지,전남 고흥군 금산면 명천길 39 ,061-843-1800
충남 ,충남 논산 강경젓갈타운,관광지,충남 논산시 강경읍 계백로167번길 4 나동 강경젓갈타운 정보화마을 ,041-746-8984
충남 ,충남 청양 칠갑산가파마을,관광지,충남 청양군 대치면 가파로 506-6 ,041-940-2401
경남 ,경남 고성 송천참다래마을,관광지,경남 고성군 하일면 자란만로 1612-3 ,070-7767-8622
경기 ,경기 파주 산머루마을,관광지,경기 파주시 적성면 윗배우니길 194 객현1리마을회관 파주 산머루마을 ,031-958-3600
경기 ,경기 안성 구메농사마을,관광지,경기 안성시 죽산면 임꺽정길 51-7 ,070-7098-3096
전남 ,전남 광양 옥실마을,관광지,전남 광양시 옥곡면 대죽1길 78 ,061-772-5988
충남 ,충남 태안 별주부마을,관광지,충남 태안군 남면 별주부길 102 ,041-672-3359
충남 ,충남 태안 볏가리마을,관광지,충남 태안군 이원면 볏가리길 62 ,041-672-7296
제주 ,제주 서귀포 한남감귤마을,관광지,제주 서귀포시 남원읍 남한로 431 한남감귤 정보화마을 ,064-764-3184
전남 ,전남 완도 보길도예송마을,관광지,전남 완도군 보길면 예송로 278번길 25-2 완도 보길도예송마을 ,061-553-5899
경기 ,경기 포천 숯골마을,관광지,경기 포천시 관인면 관인로 10-11 숯골 정보화마을 ,031-532-7796
강원 ,강원 철원 토성민속마을,관광지,강원 철원군 갈말읍 토성길 98 ,070-8801-1204
경기 ,경기 양평 친환경마을,관광지,경기 양평군 강하면 운심길47번길 5 ,031-770-2755
경기 ,경기 양평 학곡마을,관광지,경기 양평군 강상면 학곡양지말길 35-4 학곡 정보화마을 ,031-771-1466
경남 ,경남 함양 음정토봉마을,관광지,경남 함양군 마천면 음정길 29 ,055-963-1771
강원 ,강원 강릉 한울타리마을,관광지,강원 강릉시 옥계면 풍동로 406 ,033-535-0799
전남 ,전남 보성 벌교부농마을,관광지,전남 보성군 벌교읍 채동선로 724 ,061-857-5278
충남 ,충남 보령 쌈지촌마을,관광지,충남 보령시 천북면 삼산농현길 147-17 ,041-641-7744
전북 ,전북 진안 천반산구리고을,관광지,전북 진안군 동향면 진성로 1796 ,063-432-9977
강원 ,연곡해변솔향기캠핑장,관광지,강원도 강릉시 연곡면 해안로 1282 연곡해수욕장관리실 외 6필지,033-662-2900
강원 ,강원 정선 솔돌마을,관광지,강원 정선군 북평면 와가길 25 ,033-563-5945
경북 ,경북 청송 주왕산사과마을,관광지,경북 청송군 주왕산면 부동로 1011-26 ,054-873-0123
경기 ,경기 화성 궁평리마을,관광지,경기 화성시 서신면 궁평항로 1069-11 ,031-356-7339
경남 ,경남 진주 대암초록마을,관광지,경남 진주시 집현면 진산로 1141 대암초록정보화마을 ,055-746-1864
충북 ,충북 제천 청풍관광마을,관광지,충북 제천시 청풍면 배시론로 3 ,043-641-4939
경북 ,경북 안동 하회마을,관광지,경북 안동시 풍천면 기산구장길 69-7 2층 ,054-841-2896
경북 ,경북 봉화 춘양목송이마을,관광지,경북 봉화군 춘양면 골마길 3 춘양목송이 정보화마을 ,054-674-1030
경남 ,경남 통영 학림섬마을,관광지,경남 통영시 산양읍 학림길 99 ,055-642-1917
충북 ,충북 단양 소백산산촌마을,관광지,충북 단양군 가곡면 새밭로 808 소백산산촌 정보화마을 ,070-4634-2497
경남 ,경남 창녕 성곡친환경마을,관광지,경남 창녕군 성산면 연당대산로 38 ,055-532-0334
충북 ,충북 증평 장이익어가는마을,관광지,충북 증평군 증평읍 송티로 76-12 ,043-835-3894
전북 ,전북 김제 황토마을,관광지,전북 김제시 용지면 예촌3길 10-4 ,063-545-8750
강원 ,강원 홍천 서각마을,관광지,강원 홍천군 내면 여차동길 531 ,070-8885-1918
전북 ,전북 김제 수록골마을,관광지,전북 김제시 백산면 수록골길 50-10 수록골 정보화마을 ,063-546-7070
전남 ,전남 영광 용암마을,관광지,전남 영광군 군남면 육창로1길 50-1 ,061-351-0878
강원 ,강원 화천 풍산마을,관광지,강원 화천군 화천읍 평화로 1260-13 ,033-442-2002
강원 ,강원 철원 두루미평화마을,관광지,강원 철원군 철원읍 대마길 40 ,033-455-4398
경북 ,경북 의성 토종마늘마을,관광지,경북 의성군 춘산면 사미신감로 50-7 ,054-832-7110
경기 ,경기 안산 대부도종현마을,관광지,경기 안산시 단원구 구봉길 240 ,032-886-6044
경북 ,경북 영주 풍기인삼마을,관광지,경북 영주시 풍기읍 인삼로 8 풍기인삼 정보화마을 ,054-633-4976
전남 ,전남 장흥 키조개마을,관광지,전남 장흥군 안양면 수문용곡로 107 ,061-862-6644
전남 ,전남 함평 해수찜갯벌마을,관광지,전남 함평군 함평읍 돌머리길 470 ,061-320-3447
강원 ,강원 양양 해담마을,관광지,강원 양양군 서면 구룡령로 2016 해담마을 ,033-673-2233
제주 ,제주 제주 섬머리도두마을,관광지,제주 제주시 도두1길 13 ,064-743-7337
충북 ,충북 진천 명심체험마을,관광지,충북 진천군 백곡면 명암길 302 명암리농촌체험장 ,043-532-8811
전남 ,전남 영암 도포원예마을,관광지,전남 영암군 도포면 호산로 52 영암도포원예마을정보센터 ,061-472-8866
전북 ,전북 김제 남포들녘마을,관광지,전북 김제시 성덕면 지평선로 124 ,063-545-4343
경남 ,경남 양산 배내골사과마을,관광지,경남 양산시 원동면 배내로 452 배내골사과 정보화마을 ,055-365-6262
제주 ,제주 서귀포 수산마을,관광지,제주 서귀포시 성산읍 수산서남로 17 수산정보화마을 ,070-7715-2800
전북 ,전북 군산 신시도섬마을,관광지,전북 군산시 옥도면 신시도길 83-6 ,063-463-4016
제주 ,제주 제주 김녕해녀마을,관광지,제주 제주시 구좌읍 일주동로 2045 김녕해녀 정보화마을 ,070-7098-4665
경기 ,경기 양평 화전마을,관광지,경기 양평군 용문면 화전로 295 화전2리마을회관 ,070-7765-3190
충남 ,충남 서산 회포마을,관광지,충남 서산시 대산읍 운산나루터길 37-16 ,070-8802-6635
경북 ,경북 포항 상옥참느리마을,관광지,경북 포항시 북구 죽장면 죽장로 1837 ,054-262-1008
경북 ,경북 안동 녹전토종마을,관광지,경북 안동시 녹전면 원매길 102-5 ,070-4236-3200
경북 ,경북 영주 소백산단산포도마을,관광지,경북 영주시 단산면 단산로 817 ,054-635-1138
경남 ,경남 거제 구조라관광어촌마을,관광지,경남 거제시 일운면 구조라로4길 3-1 구조라관광어촌 정보화마을 ,055-681-2749
강원 ,강원 홍천 팔봉참살이마을,관광지,강원 홍천군 서면 오도치길 6 ,033-435-1481
경남 ,경남 김해 칠산참외마을,관광지,경남 김해시 칠산로179번길 238 ,055-330-2708
경북 ,경북 김천 황악산반곡포도마을,관광지,경북 김천시 대항면 대룡1길 48-16 ,054-430-9800
강원 ,강원 동해 청정신흥마을,관광지,강원 동해시 서동로 825-1 ,033-522-2884
강원 ,강원 춘천 솔바우마을,관광지,강원 춘천시 사북면 솔바우길 195 ,033-250-3460
광주 ,광주 북구 무등산수박마을,관광지,광주 북구 송강로 236-3 ,062-510-1465
서울 ,웨슬리퀘스트 의정부 KB손해보험 스타즈(의정부실내체육관),스포츠관람,서울특별시 마포구  성암로 189 중소기업 DMC 타워 8층 웨슬리퀘스트,02-752-8041
서울 ,웨슬리퀘스트 안산 OK저축은행 러쉬앤케시(안산상록수체육관),스포츠관람,서울특별시 마포구  성암로 189 중소기업 DMC 타워 8층 웨슬리퀘스트,02-752-8041
전북 ,전북 정읍 옥정호청정마을,관광지,전북 정읍시 산내면 능교3길 12 ,063-538-6442
전남 ,전남 완도 개매기마을,관광지,전남 완도군 소안면 소안북로183번길 32 마을회관 ,061-555-0508
대구 ,대구 달성 신당수박마을,관광지,대구 달성군 옥포면 신당1길 6 ,053-668-3249
강원 ,강원 삼척 가시오가피마을,관광지,강원 삼척시 노곡면 문의재로 2470 ,033-573-2120
전북 ,전북 무주 하늘땅마을,관광지,전북 무주군 무풍면 대덕산로 151-5 ,063-322-9988
전남 ,전남 보성 강골마을,관광지,전남 보성군 득량면 역전길 15-9 ,061-853-2885
전남 ,전남 신안 신안배마을,관광지,전남 신안군 압해읍 중촌길 8 신안군배마을마을정보센터 ,061-271-0241
충북 ,충북 청주 청개구리쌀마을,관광지,충북 청주시 흥덕구 강내면 사곡송대길 113-33 ,043-231-2288
제주 ,제주 제주 우도유채꽃마을,관광지,제주 제주시 우도면 우도해안길 70 ,064-783-1020
강원 ,강원 철원 누에마을,관광지,강원 철원군 근남면 도덕동길 13 ,033-458-2584
경기 ,경기 연천 백학정보화마을,관광지,경기 연천군 백학면 청정로 532 백학 정보화마을 ,031-839-2995
강원 ,강원 인제 백담마을,관광지,강원 인제군 북면 만해로 410-17 ,033-462-4608
전남 ,전남 해남 땅끝송호마을,관광지,전남 해남군 송지면 송호길 35 땅끝송호 정보화마을 ,070-8826-9806
경기 ,경기 안성 과채류마을,관광지,경기 안성시 미양면 신계4길 20 ,031-674-4265
강원 ,강원 강릉 모래내한과마을,관광지,강원 강릉시 사천면 한과마을길 20 ,033-647-4819
전남 ,전남 광양 고로쇠마을,관광지,전남 광양시 옥룡면 신재로 1598 ,061-763-0745
전남 ,전남 광양 백학동마을,관광지,전남 광양시 진상면 신황길 66 ,061-772-1073
경북 ,경북 포항 기계장터마을,관광지,경북 포항시 북구 기계면 기계로 94 ,054-244-8805
전남 ,전남 무안 약초골한옥마을,관광지,전남 무안군 몽탄면 약곡길 179-6 약초골한옥 정보화마을 ,061-454-5500
강원 ,베니키아 호텔 공식 예약사이트(베니키아호텔협동조합),숙박,강원도 원주시  세계로 10 한국관광공사 베니키아호텔협동조합,02-518-3670
서울 ,웨슬리퀘스트 IBK기업은행 알토스(화성종합경기타운),스포츠관람,서울특별시 마포구  성암로 189 중소기업 DMC 타워 8층 웨슬리퀘스트,02-752-8041
강원 ,강원 정선 개미들마을,관광지,강원 정선군 남면 광락로 354 ,070-8876-9991
경남 ,경남 김해 대동화훼마을,관광지,경남 김해시 대동면 대동로610 대동면사무소 별관2층 ,055-330-2707
강원 ,강원 삼척 고무릉환선마을,관광지,강원 삼척시 신기면 고무릉길 49 ,033-541-4800
전남 ,전남 진도 행복한섬마을,관광지,전남 진도군 조도면 신전길 14-1 신전마을회관 ,061-542-4600
경남 ,경남 거제 어구낚시마을,관광지,경남 거제시 둔덕면 어구길 4-1 ,055-634-0440
경북 ,경북 포항 호미곶마을,관광지,경북 포항시 남구 호미곶면 해맞이로 153 ,054-284-9268
전남 ,전남 광양 섬진강재첩마을,관광지,전남 광양시 진월면 섬진강매화로 830 섬진강재첩 정보화마을 ,061-772-4698
경북 ,경북 포항 신광비학산학마을,관광지,경북 포항시 북구 신광면 죽성길 128 ,054-231-0965
강원 ,강원 평창 계방산마을,관광지,강원 평창군 용평면 운두령로 486 ,070-4248-1221
경기 ,경기 포천 비둘기낭마을,관광지,경기 포천시 영북면 비둘기낭길 25 ,031-536-9668
강원 ,강원 인제 미산마을,관광지,강원 인제군 상남면 내린천로 1484 ,033-463-9036
강원 ,강원 영월 효자열녀마을,관광지,강원 영월군 북면 삼방산길476 효자열녀정보화마을 ,033-375-8985
전북 ,전북 진안 마이산골마을,관광지,전북 진안군 마령면 덕천로 54 덕천보건진료소 ,063-433-8899
전북 ,전북 임실 박사골마을,관광지,전북 임실군 삼계면 세심길 43-24 박사골 정보화마을 ,063-642-7076
경북 ,경북 칠곡 금남오이꽃동산마을,관광지,경북 칠곡군 왜관읍 금남7길 35-23 금남 오이꽃동산 정보화마을 ,054-977-5289
경남 ,경남 사천 고읍단감마을,관광지,경남 사천시 정동면 고읍길 223 고읍단감 정보화마을 ,055-852-7634
경기 ,경기 양평 보릿고개마을,관광지,경기 양평군 용문면 연안길 23 ,031-774-7786
강원 ,강원 영월 술빛고을,관광지,강원 영월군 주천면 주천로 103 ,033-370-1650
경남 ,경남 하동 옥종딸기마을,관광지,경남 하동군 옥종면 북방우회길 7-4 옥종딸기 정보화마을 ,055-880-6409
경기 ,다이노스타 용인(주식회사 트웰브펀),관광지,경기도 용인시 수지구  동천로 593 다이노스타 용인,1661-2050
강원 ,강원 횡성 밤두둑마을,관광지,강원 횡성군 횡성읍 반곡3길 6 ,033-344-7675
경남 ,경남 하동 삼신녹차마을,관광지,경남 하동군 화개면 삼신길6-3 ,055-880-2767
경기 ,경기 화성 가시리마을,관광지,경기 화성시 남양서로 348번길 9 ,031-355-5010
경북 ,경북 성주 가야산녹색체험마을,관광지,경북 성주군 수륜면 백운1길 40 가야산녹색체험 정보화마을 ,054-931-9249
강원 ,강원 영월 삼굿마을,관광지,강원 영월군 중동면 유전길 115 ,033-378-3223
제주 ,제주 서귀포 상예마을,관광지,제주 서귀포시 존제로15번길 2 ,064-738-0562
전남 ,전남 나주 봉황황토마을,관광지,전남 나주시 봉황면 봉황로 753 봉황황토 정보화마을 ,061-334-7900
충남 ,충남 서산 금박골마을,관광지,충남 서산시 지곡면 환성2길 62 ,070-7763-2880
경북 ,경북 안동 안동포마을,관광지,경북 안동시 임하면 금소길 341-12 ,054-822-1112
경북 ,경북 의성 안평자두마을,관광지,경북 의성군 안평면 가도길 64 ,054-833-3322
경기 ,경기 연천 고려마을,관광지,경기 연천군 미산면 청정로723번길 5 고려 정보화마을 ,031-835-5340
경기 ,경기 연천 호랑이배꼽마을,관광지,경기 연천군 왕징면 왕산로 842 동중리새마을회관 ,031-833-9900
제주 ,제주 제주 영평마을,관광지,제주 제주시 아봉로 248 ,064-723-0828
경기 ,경기 가평 잣마을,관광지,경기 가평군 북면 내촌길 50 ,031-582-6089
경북 ,경북 문경 새재팔영사과마을,관광지,경북 문경시 문경읍 팔영안길 102-2 새재 팔영사과 정보화마을 ,054-572-2886
경북 ,경북 울진 백암온천마을,관광지,경북 울진군 온정면 온정1길 46 백암온천마을정보센터 ,054-787-7620
강원 ,강원 고성 진부령흘리마을,관광지,강원 고성군 간성읍 흘리길 185 ,070-8849-7014
전북 ,전북 김제 외갓집마을,관광지,전북 김제시 금구면 사방길 110-5 ,063-547-0087
제주 ,제주 서귀포 무릉도원마을,관광지,제주 서귀포시 대정읍 중산간서로 2868 무릉도원 정보화마을 ,070-8888-7966
전북 ,전북 부안 구름호수마을,관광지,전북 부안군 진서면 운호길 29 구름호수 정보화마을 ,063-584-7366
전남 ,전남 장성 황룡마을,관광지,전남 장성군 황룡면 내황길 69 황룡 정보화마을 ,061-394-0044
경기 ,경기 파주 통일마을(파주통일정보화마을),관광지,경기 파주시 군내면 통일촌길 220 ,070-7797-8250
강원 ,강원 인제 하추마을,관광지,강원 인제군 인제읍 하추로183 ,070-4404-4481
전북 ,전북 부안 후촌갈대숲마을,관광지,전북 부안군 줄포면 후촌길 67 후촌정보화마을 ,063-583-3099
강원 ,강원 강릉 복사꽃마을,관광지,강원 강릉시 주문진읍 신리천로 527-3 ,033-661-5208
부산 ,부산 기장 임랑해맞이마을,관광지,부산 기장군 장안읍 임랑2길 1-6 ,051-727-7328
경북 ,경북 의성 모흥황토마을,관광지,경북 의성군 구천면 모흥2길 22 ,054-861-9556
경북 ,경북 영양 수비산촌마을,관광지,경북 영양군 수비면 원역길 46 ,054-682-2700
경북 ,경북 구미 금오산찰쌀보리마을,관광지,경북 구미시 고아읍 오로3길 9 마을회관 2층 ,054-482-5330
경기 ,경기 양평 미사랑마을,관광지,경기 양평군 지평면 지평로 878 ,031-773-9443
강원 ,강원 정선 가리왕산마을,관광지,강원 정선군 정선읍 벽탄길 9 ,033-563-2227
충북 ,충북 옥천 배바우청정마을,관광지,충북 옥천군 안남면 연주길 16 ,043-731-3311
충북 ,충북 괴산 둔율올갱이마을,관광지,충북 괴산군 칠성면 둔율길 142 괴산둔율올갱이마을 ,043-830-3903
경북 ,경북 칠곡 동안꿀벌참외마을,관광지,경북 칠곡군 약목면 동안3길 22 ,054-974-5476
강원 ,강원 홍천 살둔마을,관광지,강원 홍천군 내면 내린천로 638 ,070-7793-0366
강원 ,강원 홍천 삼생마을,관광지,강원 홍천군 서석면 구룡령로 2838 ,033-436-0101
경북 ,경북 영덕 영덕대게마을,관광지,경북 영덕군 강구면 영덕대게로 68 영덕대게 정보화마을 ,054-730-6682
경남 ,경남 거창 서변마을,관광지,경남 거창군 거창읍 모곡2길 22 서변 정보화마을 ,055-940-3951
충북 ,충북 청주 평동전통떡마을,관광지,충북 청주시 흥덕구 평동로 147 ,043-232-7075
경남 ,경남 합천 아이스딸기마을,관광지,경남 합천군 율곡면 제내로 74 ,055-933-4336
경북 ,경북 청도 신도새마을발상지마을,관광지,경북 청도군 청도읍 새마을안길 7-4 정보화마을 정보센터 ,054-373-4007
경북 ,경북 김천 양각자두마을,관광지,경북 김천시 구성면 양각길 202 ,054-434-1115
강원 ,강원 고성 화진포마을,관광지,강원 고성군 현내면 초도2길 4 ,033-682-5700
경기 ,경기 군포 오금마을,관광지,경기 군포시 오금로 43 율곡아파트 ,031-344-5959
경기 ,경기 남양주 고로쇠마을,관광지,경기 남양주시 수동면 비룡로 1705번길 30 ,031-511-2521
경기 ,경기 양평 소리산마을,관광지,경기 양평군 단월면 석산로 1405 ,031-772-6076
경기 ,경기 여주 그린투어마을,관광지,경기 여주시 능서면 광대1길 10-1 ,031-881-5454
경기 ,경기 가평 반딧불마을,관광지,경기 가평군 설악면 묵안로 182 ,031-585-8556
강원 ,강원 속초 하도문쌈채마을,관광지,강원 속초시 설악산로 110 ,033-638-3122
경북 ,경북 영덕 영덕복숭아마을,관광지,경북 영덕군 지품면 경동로 7682 ,054-730-6695
경남 ,경남 밀양 얼음골사과마을,관광지,경남 밀양시 산내면 산내로 1190 다동 ,055-356-5942
대구 ,동남필방,미술,대구 중구 봉산문화길 86(봉산동) 1층 동남필방 ,053-422-4000
경기 ,경기 여주 팜스테이마을,관광지,경기 여주시 금사면 윗범실길 8-3 팜스테이 정보화마을 ,031-886-5552
경기 ,경기 여주 해바라기마을,관광지,경기 여주시 강천면 부평로 368 해바라기마을정보센터 ,031-886-8668
경기 ,경기 연천 수철성마을,관광지,경기 연천군 전곡읍 양원로46번길 13-5 ,031-832-9204
경기 ,경기 용인 학일마을,관광지,경기 용인시 처인구 원삼면 학일로 117 학일 정보화마을 ,031-334-7991
경기 ,경기 포천 지동산촌마을,관광지,경기 포천시 신북면 지동길 114-11 ,031-535-5399
강원 ,강원 화천 토고미마을,관광지,강원 화천군 상서면 토고미길 22-8 ,033-441-7254
충북 ,충북 청주 고드미마을,관광지,충북 청주시 상당구 낭성면 귀래길 165-19 ,043-288-3651
충북 ,충북 영동 비단강숲마을,관광지,충북 영동군 양산면 수두1길 20-27 비단강숲 정보화마을 ,043-745-0746
충남 ,충남 공주 정안밤톨이마을,관광지,충남 공주시 정안면 북계새뜸길 61 ,041-854-7770
충남 ,충남 아산 기쁨두배마을,관광지,충남 아산시 둔포면 석곡길 101 ,041-532-6754
충남 ,충남 논산 햇빛촌바랑산마을,관광지,충남 논산시 양촌면 바랑산2길 60 ,041-741-4978
충남 ,충남 금산 추부깻잎마을,관광지,충남 금산군 추부면 하마전로 36 ,041-754-5064
충남 ,충남 청양 구기자/고추마을,관광지,충남 청양군 목면 안심길 166-1 ,041-940-2400
충남 ,충남 홍성 용봉산체험마을,관광지,충남 홍성군 홍북면 이응노로 287 ,041-632-0090
충남 ,충남 예산 증실골사과마을,관광지,충남 예산군 응봉면 증곡길 95 ,070-7753-8823
전북 ,전북 완주 봉서골마을,관광지,전북 완주군 용진면 간중길 4 ,063-244-0684
경북 ,경북 영천 보현산별빛포도마을,관광지,경북 영천시 화남면 천문로 1212 ,054-330-6765
경남 ,경남 창녕 모산양파마을,관광지,경남 창녕군 대지면 우포2로 975 ,055-533-1600
전북 ,전북 익산 두동편백마을,관광지,전북 익산시 성당면 두동길 15 ,063-862-8600
경북 ,경북 고령 안림딸기마을,관광지,경북 고령군 쌍림면 안림3길 5 안림딸기 정보화마을 ,054-956-2423
경북 ,경북 영양 선바위마을,관광지,경북 영양군 방전1길 47 선바위정보센터 ,054-683-1236
경기 ,경기 양주 초록지기마을,관광지,경기 양주시 남면 양연로173번길 26 ,031-863-4666
경기 ,경기 화성 물꽃마을,관광지,경기 화성시 남양로 1362번길 40 ,031-366-9158
충북 ,충북 증평 증안골정보화마을,관광지,충북 증평군 증평읍 삼보로 113 ,043-835-3893
경북 ,경북 예천 금당실마을,관광지,경북 예천군 용문면 금당실길 54 예천금당실마을 ,054-654-2222
강원 ,강원 동해 심곡약천마을,관광지,강원 동해시 약천길 61 ,070-7769-8672
충남 ,충남 태안 대야도마을,관광지,충남 태안군 안면읍 대야로325 ,070-8887-9673
전북 ,전북 고창 성기복분자마을,관광지,전북 고창군 아산면 성기길 80-5 성기복분자마을정보센터 ,063-564-2499
전남 ,전남 나주 나주평야마을,관광지,전남 나주시 남평읍 방축2길 21-8 나주평야 정보화마을 ,061-332-0800
경남 ,경남 합천 하남양떡메마을,관광지,경남 합천군 초계면 국사봉로 903 하남양떡메 정보화마을 ,055-931-7622
경기 ,경기 화성 제부모세마을,관광지,경기 화성시 서신면 제부말길 96 ,031-357-3808
전남 ,전남 무안 월선리예술인촌마을,관광지,전남 무안군 청계면 예술촌길 148 월선권역 다목적회관 1층 월선리 예술인촌 정보화센타 ,061-452-6995
제주 ,제주 서귀포 월평화훼마을,관광지,제주 서귀포시 월평로 43 월평마을회관 ,070-7098-0792
경기 ,경기 양주 맹골마을,관광지,경기 양주시 남면 휴암로443번길 29-6 맹골 정보화마을 ,031-863-6978
충남 ,충남 태안 만리포마을,관광지,충남 태안군 소원면 서해로 33-48 ,041-672-1292
전남 ,전남 영암 삼호무화과마을,관광지,전남 영암군 삼호읍 관광레저로 2996 ,061-461-1111
서울 ,중앙악기주식회사,음악,서울특별시 종로구  삼일대로 428 낙원상가 320호 (낙원빌딩 3층),02-3672-6000
충북 ,유림필방,미술,충청북도 청주시 흥덕구  흥덕로 106 ,043-223-0194
전남 ,전남 영암 시종달보는마을,관광지,전남 영암군 시종면 월롱길 38 시종달보는 정보화마을 ,061-471-5002
경북 ,경북 울릉 황토구미마을,관광지,경북 울릉군 서면 태하2길 8 황토구미마을정보센터 ,054-790-6310
서울 ,관악구시설관리공단,체육시설,서울 관악구 남부순환로 1369 관악농협농산물백화점 5층 2호 ,02-2081-2600
부산 ,주말엔(WEEKEND JUMALN),여행사,부산광역시 중구  대청로141번길 3 다온빌딩 2층,051-468-7474
전북 ,태권도원(태권도진흥재단),관광지,전라북도 무주군 설천면 무설로 1482 체험관 ,063-320-0114
대전 ,e숲안애(산림복지진흥원 통합예약사이트),관광지,"대전 서구 둔산북로 121, 209호 ",042-719-4000
경기 ,화성시우리꽃식물원,관광지,경기 화성시 팔탄면 3.1만세로 777-18 ,031-5189-6164
전북 ,사단법인 한국공예문화협회 전라북도 관광기념품 100선판매관,미술,전라북도 전주시 완산구  은행로 96-1 ,063-288-9111
충북 ,충북 단양 황토육쪽마늘마을,관광지,충북 단양군 매포읍 응실길 99 ,043-421-4493
충남 ,충남 홍성 문당환경농업마을,관광지,충남 홍성군 홍동면 문당길 141 ,041-631-3537
충남 ,충남 홍성 속동갯벌마을,관광지,충남 홍성군 서부면 남당항로 689 ,070-7763-8450
충남 ,충남 보령 사현포도마을,관광지,충남 보령시 남포면 사현1길 29-24 ,041-932-6000
경북 ,국립백두대간수목원,관광지,경상북도 봉화군 춘양면 춘양로 1501 ,054-679-0852
충남 ,장안스포츠,체육용품,충청남도 공주시  웅진로 158-1 ,041-855-2661
강원 ,송이밸리자연휴양림(양양군청),관광지,강원도 양양군 양양읍 고노동길 98-50 ,033-670-2644
서울 ,art#(아트샵)((사)한국예술문화단체총연합회),미술,서울특별시 양천구  목동서로 225 예술인회관 9층 한국예총,02-2655-3001
경기 ,KT위즈(㈜케이티스포츠),체육용품,경기 수원시 장안구 경수대로 893 수원KT위즈파크(조원동) ,1899-5916
서울 ,롯데컬처웍스㈜롯데시네마 도곡(온라인),영상,서울 강남구 남부순환로 2753 ,1544-8855
경기 ,wendy book(웬디북)((주)앤서블미디어),도서,경기도 파주시  문발로 453-1 1층 ,1800-9785
대전 ,한화이글스샵((주)케이엔코리아),체육용품,대전광역시 중구  대종로 373 한화생명 이글스파크 이글스샵,070-4904-9956
충북 ,충북 영동 황산포도마을,관광지,충북 영동군 학산면 죽촌리길 15 황산포도 정보화마을 ,043-743-5703
경북 ,경북 봉화 청량산비나리마을,관광지,경북 봉화군 명호면 비나리길 156 ,054-673-1927
전북 ,전북 완주 서두마을,관광지,전북 완주군 봉동읍 서정길 90 ,063-261-6833
강원 ,강원 화천 하늘빛호수마을,관광지,강원 화천군 하남면 호수마을길 39 ,033-441-6758
전북 ,전북 고창 반암마을,관광지,전북 고창군 아산면 반암안길 23-5 ,063-564-1153
경북 ,경북 예천 국사골마을,관광지,경북 예천군 유천면 사곡길 70-2 ,054-653-1661
서울 ,U+모바일tv((주)엘지유플러스),영상,서울특별시 용산구  한강대로 32 ,1544-0010
경기 ,국립수목원,관광지,경기 포천시 소흘읍 광릉수목원로 509 ,031-540-2000
경북 ,경북 문경 우로실마을,관광지,경북 문경시 호계면 우로2길 3 우로실 정보화마을 ,054-554-3223
광주 ,광주 서구 상무우미아트빌,관광지,광주 서구 상무민주로 120 우미아트빌아파트 201동 107호 ,062-360-7532
부산 ,부산 강서 솥뚜껑토마토마을,관광지,부산 강서구 정관길 109 ,051-970-4345
강원 ,강원 평창 의야지바람마을,관광지,강원 평창군 대관령면 사부랑길 8 ,070-4405-0023
제주 ,제주 제주 상명정낭마을,관광지,제주 제주시 한림읍 상명1길 16-1 상명정낭 정보화마을 ,064-796-1554
경북 ,경북 구미 신라불교초전지마을,관광지,경북 구미시 도개면 도개다곡길 394 ,054-472-5318
경기 ,경기 양평 유기농마을,관광지,경기 양평군 옥천면 하사천길 14 ,070-8839-6250
제주 ,제주 서귀포 감산계곡마을,관광지,제주 서귀포시 안덕면 감산중로 29 감산계곡 정보화마을 ,070-7098-0658
전남 ,전남 진도 접도웰빙마을,관광지,전남 진도군 의신면 수품길 52-2 ,061-544-5006
경기 ,경기 화성 백미리마을,관광지,경기 화성시 서신면 백미길 210-35 ,031-357-3379
전북 ,롯데시네마 익산모현(온라인),영상,전북 익산시 선화로 77 ,063-843-7707
경기 ,롯데시네마 오산(온라인),영상,"경기 오산시 경기대로 198, 4층 ",031-376-8927
전남 ,전남 여수 돌산갓김치마을,관광지,전남 여수시 돌산읍 돌산로 2095 돌산읍 죽포출장소 2층 ,061-659-5728
경북 ,경북 상주 은자골마을,관광지,경북 상주시 은척면 황령길 9 ,054-541-7825
충북 ,충북 영동 솔향기수박마을,관광지,충북 영동군 양산면 송호로4길 1 ,043-743-6546
전북 ,전북 무주 호롱불마을,관광지,전북 무주군 설천면 무설로 682 ,063-322-8001
전북 ,전북 고창 하전갯벌마을,관광지,전북 고창군 심원면 서전길 30 갯벌체험안내센터 ,063-564-8831
광주 ,광주 북구 일곡그린큰숲마을,관광지,광주 북구 양일로305번길 11 ,062-410-8460
경기 ,경기 양평 고들빼기마을,관광지,경기 양평군 양서면 식곡길 73 증동2리새마을회관 ,031-772-0626
광주 ,광주 광산 금연마을,관광지,광주 광산구 평동금곡길 2 ,062-960-7915
경기 ,경기 화성 매향리마을,관광지,경기 화성시 우정읍 가로지길 23 ,031-351-6117
강원 ,강원 고성 동트는진등마을,관광지,강원 고성군 토성면 화원길 298 ,033-636-4443
경남 ,경남 창원 고현미더덕마을,관광지,경남 창원시 마산합포구 진동면 미더덕로 360 ,055-272-0011
전북 ,전북 익산 두여마을,관광지,전북 익산시 여산면 용기길 66 ,063-831-1168
전북 ,전북 익산 어량마을,관광지,전북 익산시 망성면 으랭이1길 27 ,063-859-3837
전북 ,전북 정읍 내장산마을,관광지,전북 정읍시 대석1길 13-16 내장산 정보화마을 ,063-532-5949
경북 ,경북 의성 청학마을,관광지,경북 의성군 신평면 왜가리길 1144 중율1리회관 ,054-861-7900
경기 ,경기 연천 38선마을,관광지,경기 연천군 백학면 노곡로42번길 5 ,031-835-1124
전북 ,전북 고창 고인돌마을,관광지,전북 고창군 고창읍 도산1길 42 고인돌정보화마을 ,063-563-7299
경남 ,경남 함안 칠북과수마을,관광지,경남 함안군 칠북면 이령1길 14 ,055-587-6262
대구 ,대구 동구 미대/내동마을,관광지,대구 동구 구암길 48 ,053-983-5274
전남 ,전남 무안 팔방미인마을,관광지,전남 무안군 현경면 현해로 599-22 ,061-453-5669
제주 ,제주 서귀포 구억마을,관광지,제주 서귀포시 대정읍 중산간서로 2380 ,064-792-0677
충북 ,충북 진천 꽃이피는마을,관광지,충북 진천군 이월면 수청길 22-2 ,070-4116-4078
전남 ,전남 화순 능주정보화마을,관광지,전남 화순군 능주면 관동길 7 ,061-373-3316
경북 ,경북 경주 양동민속마을,관광지,경북 경주시 강동면 양동마을길 138-18 ,070-7098-3569
경북 ,경북 예천 회룡포마을,관광지,경북 예천군 용궁면 향석길 60 회룡포 정보화마을 ,054-653-6696
경남 ,경남 함안 월촌마을,관광지,경남 함안군 군북면 월촌내길 34-1 월촌 정보화마을 ,055-582-9977
경북 ,경북 문경 오미자마을,관광지,경북 문경시 동로면 약사정길 7-12 ,054-554-8000
충남 ,충남 아산 내이랑마을,관광지,충남 아산시 영인면 신봉길 248 ,070-4119-4632
전북 ,전북 순창 산내들마을,관광지,전북 순창군 쌍치면 청정로 580 ,063-652-4321
강원 ,강원 원주 황둔송계마을,관광지,강원 원주시 신림면 신림황둔로 1220 ,070-8884-3493
경북 ,경북 상주 구마이곶감마을,관광지,경북 상주시 내서면 우서로 287-4 ,054-533-0952
제주 ,제주 서귀포 알토산마을,관광지,제주 서귀포시 표선면 토산중앙로 16번길1 ,064-787-6040
전남 ,전남 나주 배꽃마을,관광지,전남 나주시 다시면 다시로 192 사회단체사무소 ,061-336-4220
경남 ,경남 의령 덕실대봉마을,관광지,경남 의령군 의령읍 중리로 15 의령덕실정보센터 ,055-574-0008
경기 ,고양아람누리(고양문화재단),공연,경기도 고양시 일산동구  중앙로 1286 고양아람누리 ,1577-7766
서울 ,무지개수영복(주식회사무지개수영복),체육용품,"서울특별시 중구  소월로 3 롯데손해보험빌딩 지하1층 87, 97, 98호",02-318-0403
강원 ,강원 원주 미륵산마을,관광지,강원 원주시 귀래면 주포안말길 12 ,070-7098-0607
전남 ,전남 여수 참전복개도마을,관광지,전남 여수시 화정면 개도화산2길 4 화정면개도출장소 ,061-659-5709
전남 ,전남 진도 소포검정쌀마을,관광지,전남 진도군 지산면 소포길 119-4 소포리사무소 ,061-543-0505
전북 ,전북 임실 사선녀마을,관광지,전북 임실군 관촌면 사선1길 13-1 ,063-642-1131
전북 ,전북 순창 전통고추장마을,관광지,전북 순창군 순창읍 민속마을길 5-13 민속마을회관 ,063-653-0703
충남 ,충남 태안 채석포꽃게와대하마을,관광지,충남 태안군 근흥면 용도로 273-1 ,041-672-1012
경북 ,경북 경산 금구맛대추마을,관광지,경북 경산시 압량면 금구길 103 ,053-818-2002
전남 ,전남 강진 옴천마을,관광지,전남 강진군 옴천면 개산중앙길 28 ,061-430-3618
전남 ,전남 신안 비금천일염마을,관광지,전남 신안군 비금면 비금북부길 793 ,061-261-5004
전남 ,나눔티켓(한국문화예술위원회),공연,전남 나주시 빛가람로 640 ,02-760-4765~6
서울 ,동대문구 통합예약 사이트(서울특별시동대문구시설관리공단),체육시설,서울특별시 동대문구  청계천로 521 ,02-2247-9659
서울 ,좋은생각사람들,도서,서울특별시 마포구  월드컵북로 22 ,02-337-0332
서울 ,정보화마을 인빌숙박(사단법인 정보화마을 중앙협의회),숙박,서울특별시 강남구  테헤란로25길 50 304호,1833-2990
경기 ,악기나라(주식회사 악기나라),음악,경기도 안양시 동안구  경수대로 927 삼익상가 1층 악기나라 (비산동),031-466-4343
서울 ,디어(주식회사 디어코퍼레이션),체육용품,서울특별시 성동구  광나루로4길 13 다원빌딩 ,02-1577-2956
서울 ,자이언츠샵(롯데자이언츠 공식응원용품점)((주)에프에스,체육용품,서울 송파구 백제고분로 421 동화빌딩 401호 (송파동 47-5) ,02-416-7326
서울 ,KBO마켓((주)케이엔코리아),체육용품,서울특별시 강남구  삼성로81길 6 정산빌딩 케이엔빌딩,02-2265-0794
충남 ,충남 계룡 쌈채피망청정마을,관광지,충남 계룡시 엄사면 광석향한길 43-8 (광석리 186-2) ,042-841-0074
충남 ,충남 서천 동백꽃마을,관광지,충남 서천군 마서면 합전길 77 ,041-952-6737
강원 ,강원 양구 오미마을,관광지,강원 양구군 방산면 평화로 4818 ,033-481-6403
경남 ,경남 의령 보천과채마을,관광지,경남 의령군 화정면 화정로8길 25-8 보천과채 정보화마을 ,055-573-8080
제주 ,제주 제주 추자참굴비마을,관광지,제주 제주시 추자면 추자로 46 대서리사무소 ,064-742-3541
경기 ,경기 이천 도니울명품쌀마을,관광지,경기 이천시 대월면 대월로667번길 359-3 ,070-4239-5284
전남 ,전남 장흥 천관마을,관광지,전남 장흥군 관산읍 죽교상하발로 362 ,061-867-0622
강원 ,강원 강릉 학마을,관광지,강원 강릉시 구정면 금평로 117 ,033-647-9013
전남 ,전남 해남 김치마을,관광지,전남 해남군 북평면 동해길 97 해남 김치마을 ,061-534-1743
전남 ,전남 광양 매화마을,관광지,전남 광양시 다압면 섬진강매화로 1563-1 ,061-772-9494
광주 ,기아 타이거즈샵(KIA TIGERS SHOP),체육용품,광주광역시 북구  서림로 10 무등종합경기장 광주기아챔피언스필드지점 KIA TIGERS SHOP,070-8191-5959
서울 ,ViBLE(바이블)(주식회사 스튜디오바이블(studio vible inc.)),문화체험,서울특별시 용산구  한남대로20길 61 2층,02-6352-1390
경남 ,경남문화예술회관,공연,경상남도 진주시  강남로 215 경남문화예술회관 ,1544-6711
경기 ,울산 현대축구단(㈜디아이에프코리아),체육용품,경기도 수원시 영통구 덕영대로1499번길 33 1층 DIF ,070-7123-3384
경기 ,서울 이랜드(㈜디아이에프코리아),체육용품,경기도 수원시 영통구 덕영대로1499번길 33 1층 DIF ,070-7123-3384
서울 ,티빙,영상,서울특별시 마포구  상암산로 66 CJ E&M CENTER ,1670-1525
대구 ,삼성라이온즈 팀스토어((주)플레이위즈 라이온즈 파크점),체육용품,대구광역시 수성구  야구전설로 1 삼성라이온즈파크 팀스토어,070-8866-7800
서울 ,씽씽,체육용품,서울특별시 강남구  언주로 534 BJ타워 10층,1670-3737
서울 ,시립성북청소년센터,체육시설,서울 성북구 한천로 660-9 ,02-3292-1318
서울 ,중랑문화체육관 수영장,체육시설,서울 중랑구 사가정로72길 47 ,02-436-9200
서울 ,서울장애인복지관 수중재활센터,체육시설,서울 강동구 고덕로 201 ,02-440-5732
경기 ,하남문화예술회관(하남문화재단),공연,경기도 하남시  신평로 125 하남문화예술회관 ,031-790-7979
경남 ,롯데시네마 프리미엄 경남대(온라인),영상,"경남 창원시 마산합포구 해안대로 7, 7층 ",1544-8855
서울 ,흰물결아트센터,공연,서울특별시 서초구  반포대로 150 흰물결아트센터 4층,02-535-7004
서울 ,텀블벅(텀블벅 주식회사),공연,서울특별시 중구  청계천로 100 시그니쳐타워 서관 9층,02-6080-0760
서울 ,마포아트센터 체육관,체육시설,서울특별시 마포구  대흥로20길 28 마포아트센터 ,02-3274-8519
서울 ,정보화마을 레저체험,체육시설,서울특별시 강남구  테헤란로25길 50 ,1833-2990
경기 ,경기상상캠퍼스 경기생활문화센터,문화체험,경기도 수원시 권선구  서둔로 166 ,031-296-1980
광주 ,티켓마루,공연,광주광역시 북구  북문대로 60 ,1588-0766
서울 ,강동아트센터,공연,서울특별시 강동구  동남로 870 강동아트센터 ,02-440-0500
경북 ,영천시공공자전거별타고(영천시청),체육용품,경상북도 영천시  시청로 16 영천시청 ,054-330-6894
서울 ,소닉붐 몰(㈜조이포스플러스),체육용품,서울 중구 퇴계로36가길 90 ,02-356-0273
경기 ,예수마을,도서,경기도 성남시 수정구  공원로 322 신동아파라디움 ,031-747-8181
서울 ,인터파크 티켓 스포츠,스포츠관람,서울 강남구 삼성로 512 삼성동빌딩 10층 ,1544-1555
서울 ,국립국악원,공연,서울특별시 서초구  남부순환로 2364 국립국악원 ,02-580-3300
서울 ,인터파크 티켓 공연,공연,서울 강남구 삼성로 512 삼성동빌딩 10층 ,1544-1555
인천 ,인천 유나이티드((주)공삼이컴퍼니),체육용품,인천 미추홀구 석정로 326번길 13 주식회사 공삼이컴퍼니 ,032-888-0321
경남 ,NC다이노스(제일에프앤에스),체육용품,경남 창원시 마산회원구 삼호로 63 창원NC파크 V-EXX매장 ,070-4206-7631
서울 ,서령필방,미술,서울특별시 종로구  삼일대로28길 16 하정빌딩 3층 ,02-745-9919
인천 ,아들과딸 북클럽몰(주식회사 아들과딸),도서,"인천 연수구 인천타워대로 323, 비동 31층(송도동, 송도 센트로드) ",1644-1822
전북 ,전북 현대모터스(㈜에스아이엘),체육용품,전북 전주시 덕진구 기린대로 1055 전주 월드컵경기장 내 2층 ,070-7795-0402
서울 ,두산 베어스(㈜위팬),체육용품,서울 송파구 올림픽로25 잠실야구장 ,1588-7632
서울 ,YES24영화(예스24),영상,서울특별시 영등포구  은행로 11 일신빌딩 파이서브코리아,1544-7758
서울 ,예술의전당(SAC Ticket),공연,서울특별시 서초구  남부순환로 2406 예술의전당 ,02-580-1300
서울 ,오디언(audien)(주식회사 오디언소리),도서,서울특별시 마포구  월드컵북로 396 누리꿈스퀘어 비즈니스타워 8층,02-3151-8826
경북 ,(주)대아고속해운,교통수단,경상북도 포항시 남구  중흥로 93 경북일보 ,1644-9604
서울 ,클립서비스(CLIPservice)(클립서비스주식회사),공연,서울특별시 강남구  강남대로 564 원빌딩 2층,1577-3363
경기 ,옥션티켓,공연,경기도 부천시  부일로 223 투나쇼핑센타 6층,1566-1369
서울 ,오르다꿈,도서,서울특별시 성북구  종암로 167 동일하이빌뉴시티 102-1701,070-4146-0159
경기 ,부천FC1995((주)부천에프씨1995),체육용품,경기 부천시 소사로 482 부천종합운동장 내 (춘의동 8) ,032-655-1995
대구 ,대구FC 온라인몰,체육용품,대구 북구 고성로 190 2층 ,053-214-2019
서울 ,두산베어스(㈜네포스),체육용품,"서울 송파구 올림픽로 25 잠실종합운동장, 베어스하우스 ",1566-0807
경기 ,성남아트센터(재단법인성남문화재단),미술,경기도 성남시 분당구  성남대로 808 성남아트센터 ,1544-8114
대전 ,대전공연전시(초록발전소),공연,대전광역시 동구  계족로140번길 113 청룡제과 대전공연전시,042-301-1001
서울 ,KHmall(한국문화재재단),미술,서울특별시 중구  퇴계로36가길 18-1 민성빌딩 ,02-730-0990
경기 ,시리즈on(네이버(주)),영상,경기도 성남시 분당구  분당내곡로 117 9층,1588-3820
서울 ,티웨이항공,교통수단,서울특별시 강서구  하늘길 210 한국항공화물청사 3층,1688-8686
서울 ,지니뮤직,음악,서울 용산구 한강대로 366 트윈시티남산 10층 ,1577-5337
경기 ,지지씨멤버스(ggc멤버스)((재)경기문화재단),문화체험,경기도 수원시 권선구  서둔로 166 경기상상캠퍼스,031-231-7200
서울 ,한국관광명품점,미술,서울특별시 종로구  인사동5길 14 ,02-735-6529
충북 ,㈜리틀코리아,도서,충청북도 청주시 흥덕구  미호로307번길 8 ,1588-2989
경기 ,오디오클립(네이버(주)) ,도서,경기도 성남시 분당구  불정로 6 그린팩토리 463-867,1588-3820
서울 ,여행공방(주식회사 여행공방),여행사,서울특별시 용산구  한강대로21나길 7 철도회관 907호,02-1644-7786
경기 ,위너스포츠,체육용품,경기도 용인시 기흥구  구성로 186 언동마을아파트 상가동 201호,031-275-9896
광주 ,광주문화예술회관,공연,광주광역시 북구  북문대로 60 ,062-613-8333
서울 ,알파카(주식회사 매스아시아),체육용품,서울특별시 서초구  주흥3길 9 ,02-6959-8500
인천 ,애관극장,영상,인천광역시 중구  개항로 63-2 애관극장 ,032-767-7177
서울 ,불교전문서점,도서,서울특별시 종로구  우정국로 56 지하1층,02-2031-2070
강원 ,롯데컬처웍스㈜롯데시네마 남원주(온라인),영상,강원도 원주시  서원대로 396 스타월드 5~6층,1544-8855
강원 ,강릉아트센터,공연,강원도 강릉시  종합운동장길 84 문화예술관 ,033-660-6800
서울 ,SOTX(쏘텍스)(쏘텍스코리아),체육용품,서울특별시 은평구  서오릉로 265 세움교회 SOTX(쏘텍스),02-2613-1626
강원 ,롯데시네마 춘천(온라인),영상,강원 춘천시 중앙로 67번길 18 ,033-252-8487
충남 ,당진문화재단 당진문예의전당(당진시청),공연,충청남도 당진시  무수동2길 25-21 전시관 ,041-350-2911
서울 ,가보고싶은섬(한국해운조합),교통수단,서울특별시 강서구  공항대로 379 한국해운조합 ,02-6096-2266
광주 ,드림잡스쿨,문화체험,광주 광산구 남동길 11-19 ,062-513-7113
서울 ,정보화마을 주말농장,관광지,서울특별시 강남구  테헤란로25길 50 304호,1833-2990
경남 ,롯데시네마 거창(온라인),영상,경상남도 거창군 거창읍 중앙로1길 1 프리미어고센상영관 8층,055-942-9503
경남 ,김해롯데워터파크,관광지,경상남도 김해시  장유로 555 ,1661-2000
대전 ,펑키타코리아,체육용품,대전광역시 중구  계룡로 914 ,1600-7078
서울 ,카운티스((주)카운티스),음악,서울특별시 송파구  삼전로9길 20 2층,02-744-9879
제주 ,멜론,음악,제주특별자치도 제주시  첨단로 242 다음커뮤니케이션 ,1566-7727
인천 ,삼산월드체육관 수영장(인천시설관리공단),체육시설,인천광역시 부평구  체육관로 60 삼산월드체육관 ,032-456-2150
경기 ,미술로닷컴(미래문구화방),미술,경기도 수원시 팔달구  매산로 128 미래화방문구센터,070-4706-4864
서울 ,마곡레포츠센터,체육시설,서울 강서구 양천로 251 ,02-3663-7171
서울 ,공항동문화체육센터,체육시설,서울 강서구 송정로 34 ,02-2666-9003
서울 ,궁산다목적체육관,체육시설,서울 강서구 양천로 49길 106 ,02-2607-9023
서울 ,수명산다목적체육관,체육시설,서울 강서구 강서로45길 131-11 수명산근린공원 ,02-6229-6682
서울 ,스포츠콕(주식회사 플레이콕),체육시설,서울특별시 성동구  뚝섬로13길 38 상상플래닛 s504호 ,070-4710-8551
충남 ,롯데시네마 당진(온라인),영상,충청남도 당진시  시청2로 20 102호,1544-8855
서울 ,마곡실내배드민턴장,체육시설,서울특별시 강서구  양천로 251 마곡레포츠센터 ,02-2063-3990
경남 ,롯데시네마 사천(온라인),영상,경남 사천시 사천읍 항공로 6 ,055-853-6300
충남 ,청양시네마(주식회사 청양영상미디어),영상,충청남도 청양군 청양읍 칠갑산로 221 청양군문화체육센타 3층,041-942-7053
서울 ,에어부산,교통수단,부산광역시 강서구  유통단지1로57번가길 6 ,1666-3060
서울 ,(재)국립극단,공연,서울특별시 용산구  청파로 373 ,1644-2003
서울 ,은평통일로스포츠센터(은평구청),체육시설,"서울특별시 은평구  통일로 1045 1,2층",02-353-7330
대전 ,피플카(주식회사 피플카),교통수단,대전광역시 유성구  도안대로 563-1 ,042-389-1151
제주 ,롯데시네마 제주아라(온라인),영상,제주 제주시 구산로 4 (아라1동) 롯데시네마 제주아라 ,1544-8855
전북 ,나루커뮤니케이션,공연,전라북도 전주시 완산구  안행2길 11 MK빌딩 ,1522-6278
부산 ,동구 국민체육문예센터 실내수영장,체육시설,부산 동구 구청로 8 ,051-604-6000
경기 ,티켓링크 스포츠,스포츠관람,경기도 성남시 분당구  대왕판교로645번길 16 NHN ,1588-7890
부산 ,국민체육문예센터,체육시설,부산 동구 구청로 8 ,051-604-6000
서울 ,강동유소년스포츠센터,체육시설,서울 강동구 상일로12길 60 ,02-3428-7979
대구 ,북구청소년회관,체육시설,대구 북구 검단로 71-17(산격동) ,053-383-1300
경기 ,ABC 행복학습타운,체육시설,경기 시흥시 소래산길 11 ,031-488-6854
경남 ,동부스포츠센터,체육시설,경남 김해시 신어산길44(삼방동) ,055-336-9318
경남 ,장유스포츠센터우정관,체육시설,경남 김해시 번화2로72(삼문동) ,055-312-8445
경기 ,안양실내수영장,체육시설,경기 안양시 동안구 평촌대로389 안양실내수영장 ,031-389-5209
울산 ,다련한지공예,미술,울산광역시 남구  봉월로80번길 19 ,052-267-2432
서울 ,수서청소년수련관 체육관,체육시설,서울 강남구 광평로 144 ,02-2226-3611
서울 ,구로구민체육센터,체육시설,서울 구로구 고척로45길 39 ,02-2067-9330
서울 ,강북청소년센터 체육관(시립강북청소년센터),체육시설,서울 강북구 4.19로 74 ,02-6715-6600
경기 ,도약아트(주식회사 도약),문화체험,경기도 부천시  상동로 105 현해프라자 404호 (주)도약,032-201-4966
서울 ,GOODNEWS BOOK(주식회사 기쁜소식사),도서,서울특별시 양천구  신월로24길 8 기쁜소식사사옥 ,02-2690-8860
서울 ,주식회사 밀리의서재,도서,"서울 마포구 상암산로 76, 13층 (상암동, YTN뉴스퀘어) ",070-7510-5415
인천 ,엔티켓((주)엔엔터테인먼트),공연,인천광역시 남동구  예술로 149 인천종합문화예술회관 내 티켓예매처,1588-2341
서울 ,대학로예술극장,공연,서울특별시 종로구  대학로10길 17 동숭동복합건물 ,02-3668-0007
서울 ,인터파크 영화,영상,서울특별시 강남구  삼성로 512 삼성동빌딩 10층,1544-1555
서울 ,호텔타임,숙박,서울특별시 강남구  봉은사로 479 ,1577-5770
경북 ,영천시민회관(영천시청),공연,경상북도 영천시  시청로 17 영천시민회관 ,054-330-6454
경북 ,경주오류캠핑장(경주시시설관리공단),관광지,경상북도 경주시 감포읍 감포로 382-7 ,054-750-8600
울산 ,울산현대 축구단,스포츠관람,울산광역시 동구  봉수로 507 현대스포츠클럽 ,052-209-7000
서울 ,메가박스,영상,"서울특별시 성동구 왕십리로 50, 6층 ",1544-0070
서울 ,버스타고(전국버스운송사업조합연합회),교통수단,서울특별시 동작구  보라매로5길 51 ,1644-2992
경기 ,네이버tv live,공연,경기도 성남시 분당구  불정로 6 그린팩토리 ,1588-3820
대구 ,달성군민체육관(달성군청),체육시설,대구 달성군 현풍읍 현풍중앙로 130 ,053-659-4100
경기 ,광주시민체육관,체육시설,경기 광주시 오포읍 청석로 85 ,031-769-1030
전북 ,라비치펜션(라비치민박),숙박,전라북도 부안군 변산면 고사길 90 ,063-584-5939
충남 ,예산군 문예회관,공연,충청남도 예산군 예산읍 아리랑로 185-14 예산군문예회관 ,041-339-8211
울산 ,울산문화예술회관(울산광역시 문화예술회관),공연,울산광역시 남구  번영로 200 울산문화예술회관 ,052-275-9623
서울 ,(주)여행스케치여행사,여행사,서울특별시 용산구  원효로 259-1 화일빌딩 4층,02-701-2506
서울 ,사적인서점,도서,서울특별시 송파구  올림픽로 269 롯데캐슬골드 지하1층 교보잠실점 내 사적인서점,070-4151-1001
경기 ,성음악기,음악,경기도 성남시 분당구  야탑로 95 세신옴니코아빌딩 ,031-703-5513
경기 ,날마다봄날,미술,경기도 의왕시  부곡중학길 69-20 2층,070-7798-0924
경기 ,도약닷컴(주식회사 도약),문화체험,경기도 부천시  상동로 105 현해프라자 404호 (주)도약,032-201-4966
서울 ,청파서점((주)천원사),도서,서울특별시 용산구  청파로63길 3 성화빌딩 ,02-701-0110
경기 ,포토큐브(주식회사 명진씨앤피),미술,경기도 고양시 덕양구  통일로 140 삼송테크노밸리 A동 2층 228호,1544-4790
강원 ,속초문화예술회관,공연,강원도 속초시  번영로 155 ,033-639-2080
서울 ,동작문화원,문화체험,서울특별시 동작구  장승배기로10길 42 동작문화복지센타 ,02-822-8500
경북 ,나눔과희망(한국그린자원㈜),미술,경상북도 안동시 와룡면 모산골길 316-40 ,1588-4653
경북 ,경주예술의전당(재단법인 경주문화재단),공연,경상북도 경주시  알천북로 1 경주예술의전당,1588-4925
경북 ,협동조합 복합문화예술공간다다(DADA),미술,경상북도 경산시 진량읍 대구대로 201 대구대학교경산캠퍼스 대구대학교 생명환경대학 2호관 2408호,053-287-8444
경남 ,김해서부문화센터((재)김해문화재단),문화체험,경남 김해시 율하 2로 210(율하동) ,055-344-1801
서울 ,롯데시네마 중랑(온라인),영상,서울 중랑구 동일로 951 ,1544-8855
서울 ,SK나이츠 온라인샵(㈜조이포스플러스),체육용품,서울특별시 중구  퇴계로36가길 90 2층,02-356-0273
경기 ,갤러리에스(Gallery S),체육용품,경기도 화성시  동탄공원로2길 27-2 1층,031-1661-9689
경기 ,리바이북(주식회사 명진씨앤피),미술,경기도 고양시 덕양구  통일로 140 삼송테크노밸리 A동 2층 228호,1800-0506
서울 ,템플스테이(한국불교문화사업단),관광지,서울특별시 종로구  우정국로 56 템플스테이 통합정보센터 4층 ,02-2031-2000
인천 ,SSG랜더스스토어((주)형지엘리트),체육용품,인천광역시 연수구  송도과학로16번길 13-25 ((주)카네비컴) 9층 형지엘리트 ,032-454-8474
서울 ,서울 삼성 썬더스,스포츠관람,서울 송파구 올림픽로 25 잠실실내체육관 ,1588-7890
서울 ,서울 SK 나이츠,스포츠관람,서울 송파구 올림픽로 25 ,1588-7890
경남 ,창원 LG 세이커스,스포츠관람,경남 창원시 성산구 원이대로 470번지 ,1588-7890
인천 ,인천 전자랜드 엘리펀츠,스포츠관람,인천 부평구 체육관로 60 ,1588-7890
경기 ,안양 KGC 인삼공사 프로농구단,스포츠관람,경기 안양시 동안구 평촌대로 389 ,1588-7890
부산 ,부산 KT 소닉붐,스포츠관람,부산 동래구 사직로 55-32 ,1588-7890
강원 ,원주 DB 프로미,스포츠관람,강원 원주시 서원대로 279 ,1588-7890
경기 ,고양 오리온 오리온스,스포츠관람,경기 고양시 일산서구 중앙로 1601 ,1588-7890
전북 ,전주 KCC 이지스,스포츠관람,전북 전주시 덕진구 백제대로 567 전북대학교 ,1588-7890
울산 ,울산 현대모비스 피버스,스포츠관람,울산 중구 염포로 85 ,1588-7890
전남 ,GS칼텍스 예울마루,공연,전라남도 여수시  예울마루로 100 ,1544-7669
경남 ,누비자(창원경륜공단),체육용품,경상남도 창원시 성산구 중앙동  1 경륜경기장(원이대로 470),055-239-1155
전북 ,전주공예품전시관(재단법인 한국전통문화전당),미술,전라북도 전주시 완산구  태조로 15 공예품전시관 ,063-282-8886
서울 ,홈티켓((주)코어웍스),관광지,서울특별시 송파구  백제고분로17길 52 도원빌딩 202호,02-413-0045
경기 ,정원한복(정원),문화체험,경기도 고양시 일산동구  대산로 28 정석코아 502호,031-925-9993
경기 ,포천반월아트홀(포천도시공사),공연,경기도 포천시 군내면 청성로 111 ,031-540-6213
대구 ,(주)뉴평화관광여행사,여행사,대구광역시 중구  태평로 180 세화빌딩 201호,053-422-2213
부산 ,롯데자이언츠(야구),스포츠관람,부산광역시 동래구  사직로 45 ,051-590-9000
경북 ,문경단산관광모노레일(문경시청),관광지,경상북도 문경시 문경읍 활공장길 106 ,054-572-7273
서울 ,국립박물관 문화재단 온라인몰 (뮤지엄샵),미술,서울특별시 용산구  서빙고로 137 국립중앙박물관 ,02-2077-2946
경기 ,뮤직인(주식회사 뮤직인),음악,"경기도 부천시  부천로3번길 48 4층 401호, 426호",032-665-9991
서울 ,KOVO마켓((주)케이엔코리아),체육용품,서울특별시 강남구  삼성로81길 6 정산빌딩 3층,1688-8176
서울 ,미술가게(MMCA SHOP),미술,서울특별시 종로구  삼청로 30 ,02-720-9870
경기 ,피프틴(에코바이크 주식회사),체육용품,경기도 고양시 덕양구  화중로104번길 33 ,031-903-8983
경북 ,대가야역사테마관광지(고령군청),관광지,경상북도 고령군 대가야읍 대가야로 1216 ,054-950-7005
서울 ,롯데시네마 강동(온라인),영상,서울특별시 강동구 천호옛길 85 ,1544-8855
서울 ,강남씨어터(강남문화재단),공연,서울 강남구 역삼로7길 16 ,02-2176-0724
서울 ,오유아트홀(강남문화재단),공연,서울 강남구 남부순환로378길 34-9 ,02-2276-0743
서울 ,오류아트홀((재)구로문화재단),공연,서울 구로구 경인로20가길 38 ,02-2029-1735
서울 ,꿈나무극장((재)구로문화재단),공연,서울 구로구 구로동로26길 54 ,02-2029-1735
서울 ,반포심산아트홀((재)서초문화재단),공연,"서울 서초구 사평대로55(반포동), 심산기념문화센터 ",02-3477-2805
서울 ,롯데시네마 브로드웨이(신사)(온라인),영상,서울특별시 강남구 도산대로8길 8 ,1544-8855
경북 ,롯데시네마 영주(온라인),영상,경상북도 영주시 구성로 417 ,1544-8855
경북 ,대가야생활촌(고령군청),관광지,경상북도 고령군 대가야읍 신남로 81 ,054-950-7180
서울 ,시사저널(주식회사 시사저널사),도서,서울특별시 용산구  한강대로43길 5 서울문화사일요신문사 시사저널,02-3703-7100
서울 ,먹스킹,공연,서울특별시 마포구  방울내로5길 42 서울특별시 청년교류공간 2층 먹스킹,070-8065-7018
강원 ,롯데시네마 속초(온라인),영상,강원 속초시 중앙로121번길 28 속초센텀마크 3층 롯데시네마 ,1544-8855
서울 ,포널스출판사,도서,서울특별시 강북구  노해로8길 22 경남아너스빌 상가 311호,02-905-9671
서울 ,(주)공감만세,여행사,서울특별시 중구  청계천로 40 한국관광공사 8층 21호,02-2135-3611
부산 ,영화의전당,영상,부산광역시 해운대구  수영강변대로 120 영화의전당 ,051-780-6000
경기 ,화성국민체육센터(화성시청),체육시설,경기도 화성시 봉담읍 동화길 18 ,031-278-7178
경남 ,롯데시네마 프리미엄 진주(온라인),영상,경상남도 진주시  진양호로 521 롯데시네마 ,055-756-0000
서울 ,서울책보고,도서,서울특별시 송파구  오금로 1 서울책보고,02-6951-4977
서울 ,주식회사 터치포굿,미술,서울특별시 종로구  동망산길 28 스카이캐슬 3층(숭인동),02-6349-9006
서울 ,장미악기,음악,서울특별시 서초구  반포대로 30 성원빌딩 303호,02-586-8484
서울 ,롯데시네마 장안(온라인),영상,서울특별시 동대문구  답십리로 288 바우하우스 11층,1544-8855
경남 ,해동이국민체육센터(인재육성사업소),체육시설,경상남도 김해시  삼계로 136 ,055-311-9265
서울 ,우리악기사,음악,서울특별시 송파구  송파대로 447 ,02-2202-8884
경기 ,롯데시네마 주엽(온라인),영상,"경기 고양시 일산서구 중앙로 1436, 그랜드백화점 일산점 10층 ",1544-8855
인천 ,에어서울 주식회사,교통수단,인천광역시 중구  공항로 272 ,1800-8100
경기 ,수리동주민자치센터(수리동주민자치위원회),체육시설,경기도 군포시  수리산로 38 수리동주민센터 ,031-390-8778
경기 ,동탄중앙어울림센터(화성시청),체육시설,"경기도 화성시  동탄대로시범길 133 동탄중앙어울림센터, 동탄4동 행정복지센터 ",031-375-0910
광주 ,롯데컬처웍스㈜롯데시네마 광주(온라인),영상,"광주 동구 독립로 268, 롯데백화점 9층 ",1544-8855
경기 ,롯데컬처웍스㈜롯데시네마 평촌(범계역)(온라인),영상,"경기 안양시 동안구 시민대로 180, 지스퀘어 8층 ",1544-8855
대구 ,롯데시네마 프리미엄 만경(온라인),영상,대구 중구 국채보상로 547 ,1544-8855
서울 ,예음악기(예음피아노악기),음악,서울특별시 관악구  관악로 212 관악프라자 1층 20호 ,02-883-6668
경북 ,문수산자연휴양림(봉화군시설관리사업소),관광지,경상북도 봉화군 봉성면 시거리길 378 ,054-674-3700
충북 ,㈜개똥이네,도서,충북 청주시 흥덕구 2순환로 926 ,043-715-6504
경북 ,롯데시네마 경주(온라인),영상,경북 경주시 계림로 83 ,1544-8855
경기 ,미오디오(주식회사 명진씨앤피),미술,"경기도 고양시 덕양구  통일로 140, 삼송테크노밸리 A동 2층 228호 ",1544-3225
경기 ,롯데컬처웍스㈜롯데시네마 별내(온라인),영상,"경기 남양주시 별내중앙로 10, 지하 1~2층 ",1544-8855
경북 ,롯데시네마 프리미엄 구미센트럴(온라인),영상,경상북도 구미시 원평동 구미중앙로 17길 16 ,1544-8855
서울 ,롯데컬처웍스㈜롯데시네마 가산디지털(온라인),영상,서울특별시 금천구 디지털로10길 9 ,1544-8855
서울 ,롯데컬처웍스㈜롯데시네마 은평(롯데몰)(온라인),영상,서울특별시 은평구  통일로 1050 ,1544-8855
부산 ,롯데컬처웍스㈜롯데시네마 서면(전포동)(온라인),영상,부산광역시 부산진구  동천로 92 디씨티 ,1544-8855
경기 ,소사국민체육센터(부천시청),체육시설,경기도 부천시  소사로 108 ,032-340-5333
대구 ,대구FC 유소년축구센터 ,체육시설,대구광역시 북구  고성로 191 다목적 유소년 축구장,053-268-3600
서울 ,북한산생태탐방원(국립공원공단),관광지,서울 도봉구 도봉산길 86 ,1670-9201
전남 ,지리산생태탐방원(국립공원공단),관광지,전남 구례군 마산면 화엄사로 402-25 ,1670-9201
경북 ,소백산생태탐방원(국립공원공단),관광지,경북 영주시 단산면 영단로 253 (단산면 옥대리 산16) ,1670-9201
강원 ,설악산생태탐방원(국립공원공단),관광지,강원 인제군 북면 쇠리길 106-40 ,1670-9201
경북 ,가야산생태탐방원(국립공원공단),관광지,경북 성주군 수륜면 봉양로1길 313 ,1670-9201
광주 ,무등산생태탐방원(국립공원공단),관광지,광주 북구 덕의길 20 ,1670-9201
전북 ,내장산 생태탐방원(국립공원공단),관광지,전북 정읍시 내장호반로 266 ,1670-9201
경남 ,한려해상생태탐방원(국립공원공단),관광지,경남 통영시 산양읍 산양일주로 1361-96 한려해상생태탐방원 ,1670-9201
서울 ,한복상점(재단법인한국공예디자인문화진흥원),문화체험,서울특별시 종로구  율곡로 33 안국빌딩 8층,02-398-1644
서울 ,가톨릭인터넷서점 바오로딸,도서,서울특별시 강북구  오현로7길 34 성바오로딸수도회 ,02-944-0807
경북 ,한누리마루(주식회사 정하),미술,경상북도 안동시  강남2길 20 1층,054-842-7980
서울 ,라프텔(리디 주식회사),영상,"서울특별시 강남구  테헤란로 325 어반벤치빌딩 4,10,11층",1644-0331
강원 ,원주레일파크,관광지,강원도 원주시 지정면 간현로 163 간현역 원주레일파크,033-733-6600
경기 ,복사골스포츠센터(부천시청),체육시설,"경기도 부천시  장말로 107 복사골문화센터 지하1,2층(상동)",032-340-5390
서울 ,그린카,교통수단,서울특별시 강남구  테헤란로70길 16 6층,080-2000-3000
경기 ,부천체육관(부천시청),체육시설,경기도 부천시  석천로 293 부천체육관 ,032-340-0785
부산 ,해피멤버스(에스에스컴퍼니),관광지,부산광역시 해운대구  센텀동로 41 센텀벤처타운 3층 308호,070-4334-2106
서울 ,유기유,미술,서울특별시 영등포구  의사당대로 1 국회 소통관 1층,02-3775-0988
서울 ,마노컴퍼니,도서,서울특별시 영등포구  선유동2로 57 이레빌딩 신관 16층,070-7606-8585
서울 ,종로문화재단 상촌재,문화체험,서울 종로구 자하문로17길 12-11(옥인동 19-16) ,02-6013-1142
서울 ,예솔뮤직,음악,서울특별시 종로구  삼일대로 428 낙원상가 2층 26호,070-7798-4678
전남 ,함평자동차극장(함평군청),영상,전라남도 함평군 함평읍 함장로 1162 ,061-320-2224
제주 ,제주OK렌터카,교통수단,제주특별자치도 제주시  용문로 64 ,064-743-4000
서울 ,국립극장,공연,서울 중구  장충단로 59 국립극장 ,02-2280-4114
서울 ,대교 드림멘토((주)대교),문화체험,서울특별시 관악구  보라매로3길 23 대교빌딩 6층,02-829-0523
경기 ,성음악기,음악,경기도 성남시 수정구  공원로 322 신동아파라디움 상가 2층 202호,031-744-0710
울산 ,사단법인 울주세계산악영화제,영상,울산광역시 울주군 상북면 알프스온천5길 103-8 영상체험관,052-248-6450
전남 ,아쿠아플라넷 여수((주)코어웍스),관광지,전라남도 여수시  오동도로 61-11 아쿠아리움 아쿠아플라넷 여수,02-413-0045
경기 ,부천종합운동장(부천시청),체육시설,경기도 부천시  소사로 482 부천종합운동장 ,032-340-0868
경기 ,고양시재활스포츠센터,체육시설,경기 고양시 일산서구 탄현로 139 ,031-929-1500
대구 ,산도롱(주식회사 한마),미술,대구광역시 서구  국채보상로 402 대동빌딩 4층,070-8855-9560
경기 ,부천국민체육센터(부천시청),체육시설,경기도 부천시  석천로 293 부천실내체육관 ,032-340-0815
인천 ,야긴과보아스,도서,인천광역시 중구  제물량로 122 답동신협 202호,032-887-0235
서울 ,아이엠스포츠,체육용품,서울특별시 마포구  월드컵북로 118 지하 1층,02-6439-8989
서울 ,아가페뮤직,음악,서울특별시 종로구  삼일대로 428 낙원상가 2층 25호,02-3676-6699
경북 ,봉화열목어마을 캠핑장,관광지,경상북도 봉화군 석포면 청옥로 1893 ,054-674-0204
경기 ,오정레포츠센터(부천시청),체육시설,경기도 부천시  상오정로 169 오정레포츠센터 ,032-340-5388
전북 ,전북엔픽(넷시티협동조합),관광지,전라북도 전주시 덕진구  권삼득로 233 ,063-232-1795
서울 ,팝업시네마(모두를위한극장공정영화협동조합),영상,서울특별시 은평구  통일로 684 서울혁신파크 1동 414호,02-2632-5800
서울 ,FLO(플로),음악,서울특별시 서초구  강남대로 311 한화생명보험빌딩 드림플러스 15F,1599-6034
경북 ,작은영화관 대가야시네마(대가야씨네누리협동조합),영상,경상북도 고령군 대가야읍 대가야로 1216 ,054-954-7053
대전 ,롯데컬처웍스㈜롯데시네마 대전(백화점)(온라인),영상,대전광역시 서구  계룡로 598 롯데백화점 10층,1544-8855
경기 ,롯데시네마 시화,영상,경기도 시흥시  마유로418번길 10 롯데시네마 시화점 3~5층(정왕동),1544-8855
서울 ,아시아나항공(주),교통수단,서울특별시 강서구  오정로 443-83 아시아나항공 ,1588-8000
서울 ,가네샤요가프랍스(엔씨엔스페이스 주식회사),체육용품,서울특별시 구로구  디지털로32길 30 코오롱디지털타워빌란트 1201호,0507-1309-2691
서울 ,뮤직시티,음악,서울특별시 강북구  인수봉로72길 42 극동아파트 극동상가 지하 1층,070-4312-4491
제주 ,멜론티켓,공연,제주특별자치도 제주시  첨단로 242 다음커뮤니케이션 ,1899-0042
서울 ,행복카,교통수단,서울특별시 강남구  강남대로 556 논현빌딩 11층,1566-6560
강원 ,양양작은영화관(재단법인 양양문화재단),영상,"강원도 양양군 양양읍 일출로 570 양양웰컴센터 3층,4층",033-673-7050
광주 ,롯데시네마 광주광산(온라인),영상,광주 광산구 무진대로 272-8 ,1544-8855
경기 ,롯데시네마 부천역(온라인),영상,"경기 부천시 원미구 부천로 11,해태쇼핑 5층.6층.7층 (심곡동) ",1544-8855
서울 ,어쿠스틱갤러리,음악,서울특별시 마포구  독막로2길 12 2층,02-337-3343
경기 ,롯데컬처웍스㈜롯데시네마 판교(온라인),영상,경기 성남시 수정구 창업로18 파미어스몰 B1~3F ,1544-8855
경북 ,롯데시네마 경주황성(온라인),영상,경북 경주시 광중길 24 ,1544-8855
서울 ,디어박스(주식회사 오픈유어아츠),문화체험,서울특별시 성동구  뚝섬로1나길 5 헤이그라운드(HEYGROUND) 7층 S718,070-7572-4761
서울 ,코레일관광개발,여행사,서울 용산구 청파로 378 ,1544-7755
서울 ,주식회사 페르소나,공연,서울특별시 종로구  삼일대로 386 시네코아 ,02-766-0815
서울 ,웰리루틴(주식회사 더라피스),문화체험,서울특별시 종로구  새문안로3길 3 내일신문 5층 506호,02-6956-5424
대전 ,트래블포유,여행사,대전광역시 유성구  대학로 31 한진리조트 804호,070-4711-1274
서울 ,북코아,도서,서울특별시 서초구  서초대로 397 부띠크 모나코 1701호,1544-2949
울산 ,울산동구공공시설예약서비스(스포츠클럽 국민체육센터),체육시설,울산광역시 동구  봉수로 153 동구국민체육센터 ,052-232-4141
경기 ,경기도어린이박물관,미술,경기 용인시 기흥구 상갈로 6 ,031-270-8600
서울 ,진에어,교통수단,서울특별시 강서구  공항대로 453 등촌동KAL빌딩 ,1600-6200
경북 ,경주솔거미술관,미술,경북 경주시 경감로 614 ,054-740-3990
경기 ,경기북부어린이박물관,미술,경기 동두천시 평화로2910번길 46 ,031-868-9610
서울 ,롯데시네마 가양(온라인),영상,서울 강서구 양천로 476 ,1544-8855
경기 ,고양어린이박물관,미술,경기 고양시 덕양구 화중로 26 ,031-839-0300
경기 ,한국만화박물관,미술,경기 부천시 길주로1 ,032-310-3090
경북 ,문경철로자전거 구랑리역(문경시청),관광지,경상북도 문경시 마성면 구랑로 20 구랑리역 ,054-571-4200
인천 ,색소폰코리아,음악,인천광역시 남동구  석정로 578 1층,1566-3245
서울 ,인터파크 티켓 레저,관광지,"서울 강남구 삼성로 512, 삼성동빌딩 10층 ",1544-1555
울산 ,울산동구공공시설예약서비스(체육시설),체육시설,울산광역시 동구  봉수로 155 동구청사 ,052-209-3339
인천 ,마샘(협동조합 마중물문화광장),도서,인천광역시 남동구  소래역남로16번길 75 에코메트로3차 더타워상가 지하1층,032-423-0990
울산 ,울산동구공공시설예약서비스(스포츠클럽 전하체육센터),체육시설,울산광역시 동구  봉수로 285 전하체육센터 ,052-235-4411
서울 ,호텔패스,숙박,서울 중구 퇴계로 307 광희빌딩 13층 ,02-2268-9800
경북 ,롯데시네마 포항(온라인),영상,"경북 포항시 북구 중앙상가길 16, 3층~9층 ",1544-8855
경북 ,운주산승마자연휴양림(영천시시설관리공단),관광지,경상북도 영천시 임고면 승마휴양림길 105 ,054-330-2770
부산 ,롯데시네마 프리미엄 해운대(온라인),영상,부산 해운대구 해운대로 802 ,1544-8855
충남 ,롯데시네마 서산(온라인),영상,충남 서산시 율지18로 38 ,1544-8855
경기 ,안성맞춤아트홀(안성시 문화예술사업소),공연,경기도 안성시  발화대길 21 안성맞춤아트홀 ,031-660-0666
울산 ,대왕암공원캠핑장,관광지,울산광역시 동구  등대로 80-61 ,052-209-4530
서울 ,한화이글스(주식회사 위팬),체육용품,서울특별시 송파구  올림픽로 25 서울종합운동장 ,1588-7632
경기 ,롯데시네마 하남미사(온라인),영상,"경기 하남시 미사대로 520, 현대지식산업센터 C동 지하1층 ",1544-8855
부산 ,롯데시네마 부산명지(온라인),영상,"부산 강서구 명지국제6로 107, 부산명지 대방디엠시티 센텀오션2차 2층 ",1544-8855
서울 ,서울어린이대공원 놀이동산,관광지,서울특별시 광진구  능동로 216 어린이대공원 ,070-4240-6463
울산 ,울산동구공공시설예약서비스(스포츠클럽 화정체육센터),체육시설,울산광역시 동구  대송로 140 화정동주민센터 화정체육센터,052-232-9222
경북 ,문경철로자전거 진남역(문경시청),관광지,경상북도 문경시 마성면 진남1길 155 ,054-553-8300
서울 ,SPOTV NOW,영상,서울특별시 마포구  월드컵북로56길 12 Trutec Building 트루텍빌딩 6층,02-539-3633
서울 ,주식회사 위홈,숙박,서울특별시 마포구  양화로 147 아일렉스 4층,1544-5665
서울 ,서대문형무소역사관,미술,서울 서대문구 통일로 251 ,02-360-8590
광주 ,광주시민의 숲 야영장,관광지,광주광역시 북구  추암로 190 ,062-613-6467
경북 ,경주예술의전당 알천미술관,미술,경북 경주시 알천북로 1 ,054-748-7726
부산 ,수영구 스포츠클럽,체육시설,부산광역시 수영구  광남로257번길 12 민락초등학교 수영구 스포츠클럽(민락동),051-715-4211
제주 ,한림작은영화관,영상,제주특별자치도 제주시 한림읍 한림중앙로 71-9 한림작은영화관,064-796-0813
경기 ,롯데시네마 라페스타(온라인),영상,"경기 고양시 일산동구 무궁화로 32-34, 라페스타 C동 3층 ",1544-8855
경기 ,과천문화재단(재단법인 과천문화재단),공연,경기도 과천시  통영로 5 과천시민회관 ,02-2009-9700
서울 ,윌라,도서,서울특별시 서초구  서초대로 398 BNK디지털타워 11층,02-6206-3240
광주 ,용봉서적,도서,광주광역시 북구  호동로 8 ,062-251-8002
경기 ,광명시립국궁장(광명시청),체육시설,경기도 광명시  가림로 59 ,02-2610-7378
경기 ,롯데시네마 평택비전(온라인),영상,"경기 평택시 경기대로 279, 뉴코아아울렛 10층 ",1544-8855
서울 ,아트하우스모모((주)영화사백두대간),영상,서울특별시 서대문구  이화여대길 52 이화여자대학교 ECC B402,02-363-5333
경기 ,킨텍스캠핑장,관광지,경기 고양시 일산서구 킨텍스로 217-25 ,031-913-1700
경기 ,산장관광지,관광지,경기 가평군 상면 덕현산장길 71 ,031-8078-8052
서울 ,중곡문화체육센터(광진구시설관리공단),체육시설,서울특별시 광진구  능동로 433 중곡문화체육센터 ,02-3408-4900
서울 ,인터파크 투어,여행사,서울 강남구 삼성로 512 삼성동빌딩 10층 ,1588-3443
경기 ,롯데시네마 인덕원(온라인),영상,경기도 안양시 동안구  흥안대로 519 아이퍼스트타워 7층 701호,1544-8855
울산 ,대왕암공원캠핑장,관광지,울산 동구 등대로 80-61 ,052-209-4530
울산 ,등억알프스야영장,관광지,울산 울주군 상북면 등억알프스리 309-1 ,052-254-0301
울산 ,신불산폭포 자연휴양림,관광지,울산 울주군 상북면 청수골길 175 ,052-254-2123
울산 ,작천정 별빛야영장,관광지,울산 울주군 상북면 자수정로 320 ,052-254-7720
울산 ,입화산 참살이 숲 야영장,관광지,울산 중구 길촌길 333 ,052-290-4410
울산 ,입화산 참살이숲 제2오토캠핑장,관광지,울산 중구 길촌길 331 ,052-708-2831
울산 ,태화연캠핑장,관광지,울산 중구 태화동 278-2 ,052-298-4412
울산 ,황방산 생태야영장,관광지,울산 중구 장현동 469 ,052-298-4412
경북 ,증산수도계곡캠핑장,관광지,경북 김천시 증산면 수도길 25 ,054-434-2565
서울 ,광진구민체육센터(광진구시설관리공단),체육시설,서울특별시 광진구  구천면로 14 광진구민체육센타 ,02-3408-4800
경북 ,김천부항댐 산내들 오토캠핑장,관광지,경북 김천시 지례면 부항댐길 50 ,054-431-2011
경북 ,문장대오토캠핑장,관광지,경북 상주시 화북면 상오리 573-5 ,054-533-1165
대구 ,금호강 오토캠핑장,관광지,대구 북구 검단동 458-4 ,053-719-3300
충남 ,청양칠갑산오토캠핑장,관광지,충남 청양군 대치면 까치내로 710 ,041-940-2700
충남 ,청양동강리오토캠핑장,관광지,충남 청양군 청남면 금강변로 868-135 ,041-940-2706
부산 ,사운드팩토리,음악,부산광역시 북구  백양대로 1203-1 동양빌딩 2층,051-342-9875
서울 ,도레미악기,음악,서울특별시 종로구  삼일대로 428 낙원상가 2층 83호,02-745-9934
제주 ,SOCAR(주식회사 쏘카),교통수단,제주특별자치도 제주시  연미길 42 ,1661-3315
전남 ,홍길동테마파크 야영장,관광지,전라남도 장성군 황룡면 홍길동로 431 홍길동테마파크 ,061-394-7242
서울 ,일레클(elecle)(주식회사 나인투원),체육용품,서울특별시 종로구  종로 51 종로타워 위워크,070-7458-8810
서울 ,감성에듀,문화체험,서울특별시 서초구  강남대로107길 21 대능빌딩 2층,1522-8308
울산 ,울산광역시중구야영장및휴양림통합운영시스템,관광지,울산광역시 중구  단장골길 1 중구청 ,052-708-2830
경남 ,강나루 오토캠핑장,관광지,경상남도 함안군 칠서면 이룡리 998,1577-4359
경기 ,광명시립야구장(광명시청),체육시설,경기도 광명시  하안로 30-19 ,02-2610-7379
울산 ,신불산군립공원야영장예약시스템(울주군청),관광지,울산광역시 울주군 청량읍 군청로 1 울주군청 ,052-254-7720
경북 ,국립낙동강생물자원관,미술,경상북도 상주시  도남2길 137 국립낙동강생물자원관 ,054-530-0700
경북 ,대가야농촌문화체험특구 캠핑장,관광지,경상북도 고령군 대가야읍 신남로 61 ,054-954-5279
경기 ,화성시 매송 오토캠핑장,관광지,경기도 화성시 매송면 어천리 164,031-293-9923
서울 ,롯데시네마 수락산(온라인),영상,"서울 노원구 동일로 1660, 3층 ",1544-8855
전남 ,한천 자연휴양림,관광지,전남 화순군 한천면 죽헌로 719 ,061-379-3734
전남 ,순천국민여가캠핑장,관광지,전남 순천시 서면 청소년수련원길 170 ,061-749-8948
서울 ,감성몰,음악,서울특별시 서초구  강남대로107길 21 대능빌딩 2층,031-722-6222
서울 ,원더월(WONDERWALL),문화체험,서울특별시 강남구  도산대로 145 인우빌딩 7층,02-6409-9888
서울 ,제주항공,교통수단,서울특별시 강서구  하늘길 210 한국항공화물청사 366,1599-1500
전남 ,웅천친수공원 야영장,관광지,전라남도 여수시  예울마루로 37-40 ,061-685-3314
경기 ,롯데컬처웍스㈜롯데시네마 동탄(온라인),영상,"경기 화성시  동탄역로 160, 롯데백화점 7층 ",1544-8855
서울 ,광진문화예술회관(광진구시설관리공단),체육시설,서울특별시 광진구  능동로 76 광진문화예술회관 및 구의회청사 ,02-3408-4570
경기 ,광교호수공원 가족캠핑장,관광지,경기도 수원시 영통구  광교호수로 57 광교호수공원시설 다목적체험장 ,031-548-0075
경기 ,노온정수장다목적운동장(광명시청),체육시설,경기도 광명시  밤일로 75 ,02-2610-7375
서울 ,웹투어(주),여행사,서울특별시 종로구  인사동5길 29 태화빌딩 11층,02-2222-2525
서울 ,트립비토즈,숙박,서울특별시 강남구  테헤란로 415 (주)호텔롯데 L7 강남 301호,02-711-6880
서울 ,클래스유(주식회사 모두의클래스),문화체험,서울특별시 중구  남대문로9길 24 501호,070-7605-9636
충북 ,현도오토캠핑장,관광지,충북 청주시 서원구 현도면 중척리 652 ,043-270-7389
충북 ,충북대학교 천문대천문체험학교,관광지,충북 진천군 문백면 은진로 29 ,043-532-2341
서울 ,영풍문고 온라인몰,도서,서울 강남구 강남대로 542 ,1544-9020
서울 ,(주)넥스투어,여행사,서울특별시 종로구  인사동5길 29 태화빌딩 11층,02-2222-6666
경기 ,명신당필방,미술,경기도 연천군 백학면 청정로186번길 55-60 ,02-722-4846
충북 ,송호리 국민관광지 야영장,관광지,충북 영동군 양산면 송호로 105 ,043-740-3228
충북 ,민주지산 자연휴양림,관광지,충북 영동군 용화면 휴양림길 60 ,043-740-3437
충북 ,옥화 자연휴양림,관광지,충북 청주시 상당구 미원면 운암옥화길 140 ,043-270-7384
경기 ,광명시립테니스장(광명시청),체육시설,경기도 광명시  금하로 201-68 ,02-2610-7377
충남 ,대둔산 수락캠핑장,관광지,충남 논산시 벌곡면 수락계곡길 274-15 ,041-746-6152
충남 ,독립기념관 캠핑장,관광지,충남 천안시 동남구 목천읍 독립기념관로1 ,041-560-0114
충북 ,대강 오토캠핑장,관광지,충북 단양군 대강면 사인암로 683-77 ,043-421-7880
충북 ,백야자연휴양림 오토캠핑장,관광지,충북 음성군 금왕읍 백야로 461-97 ,043-871-5922
충북 ,다리안관광지,관광지,충북 단양군 단양읍 소백산등산길 12 ,043-423-1243
충북 ,문암생태공원 캠핑장,관광지,충북 청주시 흥덕구 원평동 76-1 ,043-271-0780
충북 ,소선암 오토캠핑장,관광지,충북 단양군 단성면 선암계곡로 1656 ,043-423-0599
충북 ,천동 오토캠핑장,관광지,충북 단양군 단양읍 다리안로 534 ,043-423-3589
충북 ,좌구산오토캠핑장,관광지,충북 증평군 증평읍 율리휴양로 418 ,043-835-4557
서울 ,구로문화재단,공연,서울특별시 구로구  가마산로25길 9-24 구로구의회 ,02-2029-1700
경기 ,광명 도덕산 캠핑장,관광지,경기 광명시 밤일안로 42번길 69 ,02-2610-7370
경기 ,동두천 자연휴양림,관광지,경기 동두천시 탑동가산로 1 ,031-860-3258
경북 ,단호샌드파크 자동차야영장,관광지,경북 안동시 남후면 풍산단호로 835-35 ,054-850-4595
경남 ,평사리공원 야영장,관광지,경상남도 하동군 악양면 평사리 77,055-883-9004
경북 ,구수곡자연휴양림(울진군청),관광지,경상북도 울진군 북면 십이령로 2721 ,054-789-5470
경기 ,화성시 향남 오토캠핑장,관광지,경기도 화성시 향남읍 도이2길 113-26 ,031-8059-4763
대전 ,장태산 자연휴양림,관광지,대전 서구 장안로 461 ,042-270-7883
경남 ,대운산 자연휴양림,관광지,경남 양산시 탑골길 270 ,055-379-8670
경남 ,밀양아리랑 오토캠핑장,관광지,경남 밀양시 하남읍 백산리 474-32 ,055-359-4636
경남 ,화왕산 자연휴양림,관광지,경남 창녕군 청간길 128-126 ,055-533-2332
대전 ,상소오토캠핑장,관광지,대전광역시 동구  산내로 748 ,042-273-4174
서울 ,제주닷컴,여행사,서울특별시 강남구  논현로75길 8 비드 빌딩 지하1층 제주닷컴 본점,1544-3100
경북 ,롯데시네마 영천(온라인),영상,"경북 영천시 완산로 46, 4층 ",1544-8855
경기 ,EBS 구독서비스(한국교육방송공사),문화체험,경기도 고양시 일산동구  한류월드로 281 ,1588-1580
경기 ,광명시립족구장(광명시청),체육시설,경기도 광명시  가림로 59 ,02-2610-7378
대구 ,달서별빛캠프 캠핑장,관광지,대구 달서구 앞산순환로 248 ,054-667-3191
서울 ,스윗듀(SWEETDEW) ,문화체험,서울특별시 동작구  노량진로 10 여성가족복합시설 스페이스살림 지하1층 C047호,050-8439-4494
서울 ,데일리호텔,숙박,서울 강남구 테헤란로108길 42 엠디엠타워 ,1800-9120
충남 ,인삼골 오토캠핑장,관광지,충남 금산군 제원면 달고개길 113 ,041-752-1210
충남 ,성주산자연휴양림,관광지,충남 보령시 성주면 화장골길 57-228 ,041-930-3821
경북 ,구미캠핑장,관광지,경북 구미시 낙동제방길 200 ,054-480-2184
충북 ,수레의산 국민여가 캠핑장,관광지,충북 음성군 생극면 차곡리 151 ,043-871-5923
충남 ,태학산자연휴양림,관광지,충청남도 천안시 동남구 풍세면 휴양림길 105-2 ,041-529-5108
충남 ,천안시 국민여가캠핑장,관광지,충청남도 천안시 동남구 목천읍 교촌7길 46-13 ,041-529-5113
서울 ,중계구민체육센터,체육시설,서울특별시 노원구  노원로22길 1 노원구민체육센타 중계구민체육센터,02-2289-6800
경남 ,김해서부문화센터((재)김해문화재단),공연,경남 김해시 율하 2로 210(율하동) 김해서부문화센터,055-344-1801
경기 ,수원체육문화센터,체육시설,경기도 수원시 영통구  영통로 383 ,031-273-3030
서울 ,반도몰,음악,서울특별시 종로구  삼일대로 428 낙원상가 2층 A225호,02-742-9929
대구 ,비슬산자연휴양림,관광지,대구 달성군 유가읍 일연선사길 61 비슬산자연휴양림 ,053-659-4400
경기 ,오산미니어처빌리지(오산시청),미술,경기도 오산시  북삼미로 12 ,031-8036-7979
경북 ,구미에코랜드 모노레일,관광지,경상북도 구미시 산동읍 인덕1길 195 ,054-480-5887
충남 ,한옥마을(웅진오토캠핑장),관광지,충청남도 공주시  관광단지길 12 ,041-840-8900
충북 ,청주시 미래지농촌테마공원 오토캠핑장,관광지,충북 청주시 청원구 오창읍 미래지로 68 오창미래지농촌테마공원캠핑장 ,043-201-4436
충북 ,파란악기,음악,충청북도 청주시 흥덕구  직지대로 556 생활의국밥 2층,070-4423-7998
서울 ,반도스탠드,음악,서울특별시 종로구  삼일대로 428 낙원상가 2층 A221호,02-742-9929
경북 ,롯데시네마 프리미엄 안동(온라인),영상,"경북 안동시 경북대로 418, A동 401,501호 ",1544-8855
서울 ,화방넷,미술,서울특별시 성북구  동소문로25길 20-16 (주)미술넷커뮤니케이션 ,02-924-0099
충남 ,롯데시네마 천안불당(온라인),영상,"충남 천안시 서북구 불당21로 71, 7층 ",1544-8855
인천 ,롯데시네마 영종하늘도시(온라인),영상,인천광역시 중구  하늘중앙로195번길 15 ,1544-8855
대전 ,스포츠몬스터 대전,관광지,대전광역시 유성구  엑스포로 1 신세계백화점 대전점 6~7층 ,1668-4832
서울 ,소월아트홀(성동문화재단),공연,서울특별시 성동구  왕십리로 281 성동문화회관 ,02-2204-6400
서울 ,월계구민체육센터,체육시설,서울특별시 노원구  월계로 298 월계구민체육센터,02-2289-6870
경기 ,미텐바흐(미텐바흐(MittenBach)),음악,경기도 평택시  이충로 118 ,031-666-1252
전북 ,롯데시네마 전주송천(온라인),영상,전라북도 전주시 덕진구  송천중앙로 225 파인트리몰 606호(송천동2가),1544-8855
서울 ,서원서예백화점,미술,서울특별시 종로구  인사동4길 17 건국빌딩(건국관) 106호,02-739-9500
